DATE,NASDAQ100
2008-01-02,2049.71
2008-01-03,2051.76
2008-01-04,1963.52
2008-01-07,1957.44
2008-01-08,1910.33
2008-01-09,1949.20
2008-01-10,1953.64
2008-01-11,1912.81
2008-01-14,1949.15
2008-01-15,1894.09
2008-01-16,1872.29
2008-01-17,1842.10
2008-01-18,1844.09
2008-01-21,.
2008-01-22,1795.61
2008-01-23,1789.53
2008-01-24,1826.92
2008-01-25,1789.17
2008-01-28,1805.08
2008-01-29,1807.67
2008-01-30,1808.51
2008-01-31,1841.42
2008-02-01,1855.27
2008-02-04,1828.80
2008-02-05,1773.49
2008-02-06,1740.95
2008-02-07,1753.30
2008-02-08,1773.74
2008-02-11,1793.09
2008-02-12,1780.54
2008-02-13,1823.00
2008-02-14,1787.59
2008-02-15,1780.38
2008-02-18,.
2008-02-19,1764.81
2008-02-20,1787.45
2008-02-21,1766.30
2008-02-22,1773.44
2008-02-25,1785.46
2008-02-26,1791.31
2008-02-27,1799.94
2008-02-28,1794.46
2008-02-29,1745.27
2008-03-03,1733.27
2008-03-04,1743.70
2008-03-05,1753.57
2008-03-06,1712.50
2008-03-07,1707.50
2008-03-10,1673.03
2008-03-11,1740.95
2008-03-12,1735.18
2008-03-13,1750.40
2008-03-14,1713.83
2008-03-17,1687.19
2008-03-18,1761.05
2008-03-19,1715.59
2008-03-20,1751.99
2008-03-21,.
2008-03-24,1814.40
2008-03-25,1824.54
2008-03-26,1817.28
2008-03-27,1777.89
2008-03-28,1767.57
2008-03-31,1781.93
2008-04-01,1855.48
2008-04-02,1848.80
2008-04-03,1855.19
2008-04-04,1865.87
2008-04-07,1860.83
2008-04-08,1846.14
2008-04-09,1826.19
2008-04-10,1852.97
2008-04-11,1798.72
2008-04-14,1790.93
2008-04-15,1794.73
2008-04-16,1846.89
2008-04-17,1840.88
2008-04-18,1900.28
2008-04-21,1913.12
2008-04-22,1881.65
2008-04-23,1906.66
2008-04-24,1924.58
2008-04-25,1918.58
2008-04-28,1923.26
2008-04-29,1933.60
2008-04-30,1917.70
2008-05-01,1980.44
2008-05-02,1981.87
2008-05-05,1975.82
2008-05-06,1990.61
2008-05-07,1951.42
2008-05-08,1966.86
2008-05-09,1960.29
2008-05-12,1997.02
2008-05-13,2000.61
2008-05-14,1997.30
2008-05-15,2031.34
2008-05-16,2031.27
2008-05-19,2016.60
2008-05-20,2000.67
2008-05-21,1956.80
2008-05-22,1964.92
2008-05-23,1958.96
2008-05-26,.
2008-05-27,1995.44
2008-05-28,2000.07
2008-05-29,2019.02
2008-05-30,2032.57
2008-06-02,2006.84
2008-06-03,1996.79
2008-06-04,2021.45
2008-06-05,2055.11
2008-06-06,1990.39
2008-06-09,1979.71
2008-06-10,1972.54
2008-06-11,1924.33
2008-06-12,1924.26
2008-06-13,1966.01
2008-06-16,1984.76
2008-06-17,1972.82
2008-06-18,1951.10
2008-06-19,1982.69
2008-06-20,1928.39
2008-06-23,1913.31
2008-06-24,1903.74
2008-06-25,1933.86
2008-06-26,1855.39
2008-06-27,1855.72
2008-06-30,1837.09
2008-07-01,1862.71
2008-07-02,1816.15
2008-07-03,1816.35
2008-07-04,.
2008-07-07,1826.93
2008-07-08,1871.28
2008-07-09,1819.18
2008-07-10,1839.57
2008-07-11,1810.88
2008-07-14,1798.03
2008-07-15,1798.35
2008-07-16,1843.87
2008-07-17,1853.47
2008-07-18,1823.23
2008-07-21,1819.76
2008-07-22,1821.62
2008-07-23,1845.56
2008-07-24,1816.98
2008-07-25,1846.55
2008-07-28,1802.99
2008-07-29,1845.55
2008-07-30,1852.80
2008-07-31,1849.15
2008-08-01,1826.56
2008-08-04,1804.84
2008-08-05,1869.76
2008-08-06,1895.21
2008-08-07,1880.09
2008-08-08,1926.23
2008-08-11,1941.23
2008-08-12,1941.07
2008-08-13,1942.02
2008-08-14,1964.38
2008-08-15,1957.56
2008-08-18,1932.70
2008-08-19,1908.68
2008-08-20,1913.02
2008-08-21,1906.74
2008-08-22,1931.47
2008-08-25,1889.72
2008-08-26,1886.32
2008-08-27,1900.30
2008-08-28,1915.12
2008-08-29,1872.54
2008-09-01,.
2008-09-02,1850.14
2008-09-03,1833.09
2008-09-04,1774.78
2008-09-05,1768.23
2008-09-08,1762.95
2008-09-09,1721.55
2008-09-10,1738.07
2008-09-11,1773.65
2008-09-12,1767.13
2008-09-15,1705.46
2008-09-16,1724.08
2008-09-17,1632.45
2008-09-18,1697.42
2008-09-19,1745.06
2008-09-22,1665.94
2008-09-23,1648.40
2008-09-24,1661.33
2008-09-25,1687.55
2008-09-26,1672.04
2008-09-29,1496.15
2008-09-30,1584.60
2008-10-01,1563.80
2008-10-02,1491.11
2008-10-03,1470.84
2008-10-06,1411.28
2008-10-07,1329.01
2008-10-08,1330.01
2008-10-09,1275.10
2008-10-10,1269.80
2008-10-13,1429.54
2008-10-14,1364.59
2008-10-15,1244.23
2008-10-16,1312.97
2008-10-17,1311.72
2008-10-20,1352.76
2008-10-21,1283.43
2008-10-22,1237.09
2008-10-23,1239.16
2008-10-24,1202.27
2008-10-27,1169.78
2008-10-28,1297.57
2008-10-29,1302.12
2008-10-30,1333.94
2008-10-31,1334.78
2008-11-03,1334.75
2008-11-04,1378.40
2008-11-05,1299.98
2008-11-06,1241.97
2008-11-07,1271.62
2008-11-10,1251.00
2008-11-11,1225.59
2008-11-12,1165.38
2008-11-13,1240.93
2008-11-14,1179.63
2008-11-17,1151.96
2008-11-18,1155.75
2008-11-19,1087.60
2008-11-20,1036.51
2008-11-21,1085.57
2008-11-24,1154.34
2008-11-25,1142.58
2008-11-26,1193.09
2008-11-27,.
2008-11-28,1185.75
2008-12-01,1091.16
2008-12-02,1130.00
2008-12-03,1166.20
2008-12-04,1127.75
2008-12-05,1177.87
2008-12-08,1225.06
2008-12-09,1212.45
2008-12-10,1222.38
2008-12-11,1180.46
2008-12-12,1206.65
2008-12-15,1181.87
2008-12-16,1243.49
2008-12-17,1225.86
2008-12-18,1204.69
2008-12-19,1217.19
2008-12-22,1189.15
2008-12-23,1183.19
2008-12-24,1184.30
2008-12-25,.
2008-12-26,1185.44
2008-12-29,1173.15
2008-12-30,1201.34
2008-12-31,1211.65
2009-01-01,.
2009-01-02,1263.70
2009-01-05,1262.52
2009-01-06,1274.49
2009-01-07,1238.60
2009-01-08,1252.52
2009-01-09,1223.01
2009-01-12,1201.13
2009-01-13,1202.65
2009-01-14,1163.42
2009-01-15,1183.52
2009-01-16,1198.14
2009-01-19,.
2009-01-20,1136.61
2009-01-21,1185.76
2009-01-22,1168.08
2009-01-23,1175.89
2009-01-26,1184.56
2009-01-27,1194.41
2009-01-28,1235.91
2009-01-29,1203.85
2009-01-30,1180.25
2009-02-02,1195.75
2009-02-03,1215.66
2009-02-04,1215.43
2009-02-05,1245.11
2009-02-06,1277.49
2009-02-09,1281.65
2009-02-10,1229.29
2009-02-11,1227.05
2009-02-12,1242.81
2009-02-13,1236.85
2009-02-16,.
2009-02-17,1187.04
2009-02-18,1188.77
2009-02-19,1167.89
2009-02-20,1172.71
2009-02-23,1128.97
2009-02-24,1171.45
2009-02-25,1160.83
2009-02-26,1127.10
2009-02-27,1116.99
2009-03-02,1076.67
2009-03-03,1080.67
2009-03-04,1110.30
2009-03-05,1074.52
2009-03-06,1064.70
2009-03-09,1043.87
2009-03-10,1112.44
2009-03-11,1125.95
2009-03-12,1164.71
2009-03-13,1168.52
2009-03-16,1145.45
2009-03-17,1192.17
2009-03-18,1206.96
2009-03-19,1204.21
2009-03-20,1187.18
2009-03-23,1259.81
2009-03-24,1235.42
2009-03-25,1236.66
2009-03-26,1281.30
2009-03-27,1251.47
2009-03-30,1220.81
2009-03-31,1237.01
2009-04-01,1252.51
2009-04-02,1294.30
2009-04-03,1316.16
2009-04-06,1313.10
2009-04-07,1275.42
2009-04-08,1300.75
2009-04-09,1340.28
2009-04-10,.
2009-04-13,1336.67
2009-04-14,1322.31
2009-04-15,1316.51
2009-04-16,1352.98
2009-04-17,1353.92
2009-04-20,1309.37
2009-04-21,1329.06
2009-04-22,1335.72
2009-04-23,1344.41
2009-04-24,1373.28
2009-04-27,1369.94
2009-04-28,1361.92
2009-04-29,1382.38
2009-04-30,1394.33
2009-05-01,1396.62
2009-05-04,1427.96
2009-05-05,1423.81
2009-05-06,1423.85
2009-05-07,1389.83
2009-05-08,1394.16
2009-05-11,1395.79
2009-05-12,1377.40
2009-05-13,1339.83
2009-05-14,1359.67
2009-05-15,1355.11
2009-05-18,1392.73
2009-05-19,1398.05
2009-05-20,1393.72
2009-05-21,1367.39
2009-05-22,1363.17
2009-05-25,.
2009-05-26,1412.61
2009-05-27,1401.88
2009-05-28,1420.31
2009-05-29,1435.57
2009-06-01,1477.12
2009-06-02,1480.31
2009-06-03,1475.44
2009-06-04,1492.74
2009-06-05,1493.21
2009-06-08,1488.49
2009-06-09,1501.55
2009-06-10,1495.27
2009-06-11,1497.01
2009-06-12,1489.97
2009-06-15,1456.96
2009-06-16,1443.25
2009-06-17,1455.89
2009-06-18,1453.80
2009-06-19,1471.23
2009-06-22,1426.61
2009-06-23,1424.46
2009-06-24,1447.06
2009-06-25,1475.82
2009-06-26,1480.20
2009-06-29,1483.83
2009-06-30,1477.25
2009-07-01,1481.34
2009-07-02,1446.28
2009-07-03,.
2009-07-06,1441.01
2009-07-07,1404.78
2009-07-08,1411.53
2009-07-09,1414.98
2009-07-10,1419.84
2009-07-13,1447.70
2009-07-14,1452.84
2009-07-15,1500.98
2009-07-16,1518.87
2009-07-17,1527.26
2009-07-20,1544.00
2009-07-21,1553.01
2009-07-22,1565.00
2009-07-23,1601.52
2009-07-24,1599.06
2009-07-27,1599.31
2009-07-28,1605.47
2009-07-29,1599.61
2009-07-30,1609.87
2009-07-31,1603.36
2009-08-03,1628.12
2009-08-04,1628.49
2009-08-05,1614.44
2009-08-06,1600.29
2009-08-07,1619.49
2009-08-10,1610.43
2009-08-11,1594.69
2009-08-12,1619.59
2009-08-13,1628.65
2009-08-14,1611.58
2009-08-17,1564.89
2009-08-18,1586.50
2009-08-19,1596.61
2009-08-20,1614.22
2009-08-21,1637.78
2009-08-24,1634.78
2009-08-25,1639.90
2009-08-26,1637.00
2009-08-27,1640.97
2009-08-28,1643.24
2009-08-31,1625.19
2009-09-01,1595.84
2009-09-02,1594.28
2009-09-03,1605.98
2009-09-04,1638.07
2009-09-07,.
2009-09-08,1654.81
2009-09-09,1669.23
2009-09-10,1686.16
2009-09-11,1685.46
2009-09-14,1693.76
2009-09-15,1699.53
2009-09-16,1723.73
2009-09-17,1721.09
2009-09-18,1725.24
2009-09-21,1731.58
2009-09-22,1734.09
2009-09-23,1724.27
2009-09-24,1709.76
2009-09-25,1694.15
2009-09-28,1724.59
2009-09-29,1717.67
2009-09-30,1718.99
2009-10-01,1666.41
2009-10-02,1662.49
2009-10-05,1675.64
2009-10-06,1705.25
2009-10-07,1710.45
2009-10-08,1717.79
2009-10-09,1727.76
2009-10-12,1729.63
2009-10-13,1730.27
2009-10-14,1754.26
2009-10-15,1753.36
2009-10-16,1739.32
2009-10-19,1756.68
2009-10-20,1756.19
2009-10-21,1753.56
2009-10-22,1763.15
2009-10-23,1753.63
2009-10-26,1746.75
2009-10-27,1720.97
2009-10-28,1682.06
2009-10-29,1711.27
2009-10-30,1667.13
2009-11-02,1672.91
2009-11-03,1679.20
2009-11-04,1680.67
2009-11-05,1721.09
2009-11-06,1730.76
2009-11-09,1768.40
2009-11-10,1773.17
2009-11-11,1782.95
2009-11-12,1773.14
2009-11-13,1788.61
2009-11-16,1807.56
2009-11-17,1812.21
2009-11-18,1801.74
2009-11-19,1773.19
2009-11-20,1764.39
2009-11-23,1792.94
2009-11-24,1786.25
2009-11-25,1793.67
2009-11-26,.
2009-11-27,1765.46
2009-11-30,1767.43
2009-12-01,1787.71
2009-12-02,1790.82
2009-12-03,1782.91
2009-12-04,1791.91
2009-12-07,1783.65
2009-12-08,1772.73
2009-12-09,1789.70
2009-12-10,1799.37
2009-12-11,1792.06
2009-12-14,1809.09
2009-12-15,1798.21
2009-12-16,1800.82
2009-12-17,1778.27
2009-12-18,1807.36
2009-12-21,1828.79
2009-12-22,1839.51
2009-12-23,1851.99
2009-12-24,1869.84
2009-12-25,.
2009-12-28,1878.18
2009-12-29,1872.02
2009-12-30,1878.65
2009-12-31,1860.31
2010-01-01,.
2010-01-04,1886.70
2010-01-05,1888.43
2010-01-06,1878.42
2010-01-07,1876.72
2010-01-08,1892.59
2010-01-11,1886.24
2010-01-12,1861.79
2010-01-13,1886.13
2010-01-14,1886.52
2010-01-15,1864.52
2010-01-18,.
2010-01-19,1895.48
2010-01-20,1867.95
2010-01-21,1850.57
2010-01-22,1794.82
2010-01-25,1802.39
2010-01-26,1803.86
2010-01-27,1818.90
2010-01-28,1771.10
2010-01-29,1741.04
2010-02-01,1760.72
2010-02-02,1776.92
2010-02-03,1784.70
2010-02-04,1732.99
2010-02-05,1746.12
2010-02-08,1734.88
2010-02-09,1753.84
2010-02-10,1749.76
2010-02-11,1775.74
2010-02-12,1779.11
2010-02-15,.
2010-02-16,1802.06
2010-02-17,1810.86
2010-02-18,1823.39
2010-02-19,1823.32
2010-02-22,1817.63
2010-02-23,1793.82
2010-02-24,1812.51
2010-02-25,1812.91
2010-02-26,1818.68
2010-03-01,1846.40
2010-03-02,1851.21
2010-03-03,1851.57
2010-03-04,1859.72
2010-03-05,1888.56
2010-03-08,1890.89
2010-03-09,1901.38
2010-03-10,1917.35
2010-03-11,1923.81
2010-03-12,1924.43
2010-03-15,1920.09
2010-03-16,1932.24
2010-03-17,1936.22
2010-03-18,1943.94
2010-03-19,1932.43
2010-03-22,1949.59
2010-03-23,1963.20
2010-03-24,1951.84
2010-03-25,1949.15
2010-03-26,1952.63
2010-03-29,1961.22
2010-03-30,1967.96
2010-03-31,1958.34
2010-04-01,1959.56
2010-04-02,.
2010-04-05,1977.83
2010-04-06,1981.95
2010-04-07,1977.30
2010-04-08,1980.73
2010-04-09,1994.43
2010-04-12,1995.65
2010-04-13,2003.81
2010-04-14,2028.82
2010-04-15,2038.64
2010-04-16,2012.84
2010-04-19,2013.53
2010-04-20,2023.60
2010-04-21,2034.53
2010-04-22,2045.16
2010-04-23,2055.33
2010-04-26,2049.09
2010-04-27,2006.25
2010-04-28,2007.59
2010-04-29,2042.89
2010-04-30,2000.63
2010-05-03,2031.60
2010-05-04,1968.97
2010-05-05,1958.26
2010-05-06,1903.47
2010-05-07,1849.44
2010-05-10,1942.61
2010-05-11,1940.48
2010-05-12,1975.58
2010-05-13,1945.52
2010-05-14,1907.10
2010-05-17,1915.45
2010-05-18,1887.06
2010-05-19,1873.42
2010-05-20,1800.12
2010-05-21,1822.77
2010-05-24,1815.28
2010-05-25,1815.68
2010-05-26,1796.47
2010-05-27,1862.71
2010-05-28,1852.39
2010-05-31,.
2010-06-01,1835.04
2010-06-02,1879.59
2010-06-03,1895.66
2010-06-04,1832.04
2010-06-07,1798.16
2010-06-08,1795.70
2010-06-09,1778.92
2010-06-10,1830.09
2010-06-11,1847.15
2010-06-14,1845.48
2010-06-15,1897.48
2010-06-16,1905.31
2010-06-17,1910.65
2010-06-18,1913.48
2010-06-21,1895.84
2010-06-22,1880.54
2010-06-23,1874.42
2010-06-24,1844.59
2010-06-25,1838.52
2010-06-28,1836.00
2010-06-29,1764.06
2010-06-30,1739.14
2010-07-01,1734.41
2010-07-02,1728.34
2010-07-05,.
2010-07-06,1734.68
2010-07-07,1789.72
2010-07-08,1798.31
2010-07-09,1814.79
2010-07-12,1821.03
2010-07-13,1845.03
2010-07-14,1853.41
2010-07-15,1856.24
2010-07-16,1803.48
2010-07-19,1819.28
2010-07-20,1840.67
2010-07-21,1817.30
2010-07-22,1863.10
2010-07-23,1875.38
2010-07-26,1890.40
2010-07-27,1888.81
2010-07-28,1872.62
2010-07-29,1860.30
2010-07-30,1864.00
2010-08-02,1898.99
2010-08-03,1891.81
2010-08-04,1909.20
2010-08-05,1904.95
2010-08-06,1902.88
2010-08-09,1915.17
2010-08-10,1899.24
2010-08-11,1845.38
2010-08-12,1832.17
2010-08-13,1818.80
2010-08-16,1821.51
2010-08-17,1845.37
2010-08-18,1850.80
2010-08-19,1823.00
2010-08-20,1825.75
2010-08-23,1808.31
2010-08-24,1775.27
2010-08-25,1790.88
2010-08-26,1769.02
2010-08-27,1791.64
2010-08-30,1772.07
2010-08-31,1767.43
2010-09-01,1820.05
2010-09-02,1840.58
2010-09-03,1870.31
2010-09-06,.
2010-09-07,1856.50
2010-09-08,1880.00
2010-09-09,1886.14
2010-09-10,1892.34
2010-09-13,1921.67
2010-09-14,1928.59
2010-09-15,1939.60
2010-09-16,1948.11
2010-09-17,1955.83
2010-09-20,1989.43
2010-09-21,1989.11
2010-09-22,1982.76
2010-09-23,1982.15
2010-09-24,2023.84
2010-09-27,2010.99
2010-09-28,2012.43
2010-09-29,2009.08
2010-09-30,1998.04
2010-10-01,1996.60
2010-10-04,1975.33
2010-10-05,2024.63
2010-10-06,2006.52
2010-10-07,2011.63
2010-10-08,2027.03
2010-10-11,2026.98
2010-10-12,2041.55
2010-10-13,2057.25
2010-10-14,2054.51
2010-10-15,2097.73
2010-10-18,2104.15
2010-10-19,2069.73
2010-10-20,2085.75
2010-10-21,2090.10
2010-10-22,2104.21
2010-10-25,2113.55
2010-10-26,2119.05
2010-10-27,2125.88
2010-10-28,2129.73
2010-10-29,2124.45
2010-11-01,2128.42
2010-11-02,2151.72
2010-11-03,2158.36
2010-11-04,2187.80
2010-11-05,2186.71
2010-11-08,2188.94
2010-11-09,2176.88
2010-11-10,2187.74
2010-11-11,2173.11
2010-11-12,2137.95
2010-11-15,2131.48
2010-11-16,2093.63
2010-11-17,2100.00
2010-11-18,2134.77
2010-11-19,2135.27
2010-11-22,2150.86
2010-11-23,2116.61
2010-11-24,2160.52
2010-11-25,.
2010-11-26,2153.91
2010-11-29,2144.56
2010-11-30,2117.33
2010-12-01,2162.83
2010-12-02,2185.30
2010-12-03,2191.17
2010-12-06,2189.81
2010-12-07,2189.35
2010-12-08,2200.60
2010-12-09,2201.57
2010-12-10,2215.34
2010-12-13,2207.45
2010-12-14,2212.59
2010-12-15,2202.45
2010-12-16,2218.02
2010-12-17,2218.29
2010-12-20,2223.04
2010-12-21,2234.57
2010-12-22,2235.91
2010-12-23,2230.27
2010-12-24,.
2010-12-27,2229.86
2010-12-28,2227.42
2010-12-29,2231.64
2010-12-30,2225.72
2010-12-31,2217.86
2011-01-03,2254.23
2011-01-04,2251.46
2011-01-05,2270.40
2011-01-06,2277.51
2011-01-07,2276.70
2011-01-10,2284.38
2011-01-11,2288.73
2011-01-12,2304.88
2011-01-13,2305.53
2011-01-14,2323.43
2011-01-17,.
2011-01-18,2328.79
2011-01-19,2303.32
2011-01-20,2286.08
2011-01-21,2268.32
2011-01-24,2300.39
2011-01-25,2304.03
2011-01-26,2314.19
2011-01-27,2330.07
2011-01-28,2270.51
2011-01-31,2281.91
2011-02-01,2324.95
2011-02-02,2321.09
2011-02-03,2323.07
2011-02-04,2338.20
2011-02-07,2349.20
2011-02-08,2363.61
2011-02-09,2360.95
2011-02-10,2364.35
2011-02-11,2379.15
2011-02-14,2385.60
2011-02-15,2381.92
2011-02-16,2397.94
2011-02-17,2397.57
2011-02-18,2392.47
2011-02-21,.
2011-02-22,2322.86
2011-02-23,2300.94
2011-02-24,2313.31
2011-02-25,2346.29
2011-02-28,2350.99
2011-03-01,2315.26
2011-03-02,2326.77
2011-03-03,2371.76
2011-03-04,2359.96
2011-03-07,2328.07
2011-03-08,2337.55
2011-03-09,2322.69
2011-03-10,2284.29
2011-03-11,2299.26
2011-03-14,2290.72
2011-03-15,2259.62
2011-03-16,2202.97
2011-03-17,2225.24
2011-03-18,2221.07
2011-03-21,2262.70
2011-03-22,2257.96
2011-03-23,2270.50
2011-03-24,2312.09
2011-03-25,2316.36
2011-03-28,2303.10
2011-03-29,2325.54
2011-03-30,2336.52
2011-03-31,2338.99
2011-04-01,2342.92
2011-04-04,2334.54
2011-04-05,2327.87
2011-04-06,2332.34
2011-04-07,2332.88
2011-04-08,2321.18
2011-04-11,2314.50
2011-04-12,2298.30
2011-04-13,2316.63
2011-04-14,2311.25
2011-04-15,2307.58
2011-04-18,2292.34
2011-04-19,2306.77
2011-04-20,2357.76
2011-04-21,2377.30
2011-04-22,.
2011-04-25,2383.72
2011-04-26,2396.03
2011-04-27,2413.59
2011-04-28,2409.90
2011-04-29,2404.08
2011-05-02,2404.24
2011-05-03,2392.80
2011-05-04,2387.51
2011-05-05,2375.21
2011-05-06,2383.18
2011-05-09,2390.97
2011-05-10,2411.35
2011-05-11,2393.08
2011-05-12,2407.89
2011-05-13,2379.24
2011-05-16,2337.85
2011-05-17,2343.51
2011-05-18,2362.95
2011-05-19,2369.67
2011-05-20,2351.43
2011-05-23,2316.78
2011-05-24,2303.55
2011-05-25,2310.95
2011-05-26,2325.93
2011-05-27,2336.09
2011-05-30,.
2011-05-31,2372.54
2011-06-01,2322.48
2011-06-02,2326.70
2011-06-03,2292.31
2011-06-06,2274.48
2011-06-07,2268.96
2011-06-08,2252.89
2011-06-09,2256.65
2011-06-10,2221.09
2011-06-13,2222.28
2011-06-14,2250.34
2011-06-15,2209.01
2011-06-16,2199.93
2011-06-17,2192.96
2011-06-20,2204.36
2011-06-21,2251.82
2011-06-22,2235.75
2011-06-23,2255.05
2011-06-24,2217.06
2011-06-27,2252.24
2011-06-28,2285.75
2011-06-29,2294.43
2011-06-30,2325.07
2011-07-01,2361.39
2011-07-04,.
2011-07-05,2371.21
2011-07-06,2378.58
2011-07-07,2412.89
2011-07-08,2405.89
2011-07-11,2362.00
2011-07-12,2343.79
2011-07-13,2352.43
2011-07-14,2325.06
2011-07-15,2356.67
2011-07-18,2344.01
2011-07-19,2398.17
2011-07-20,2387.80
2011-07-21,2404.24
2011-07-22,2429.50
2011-07-25,2424.15
2011-07-26,2429.45
2011-07-27,2367.16
2011-07-28,2371.77
2011-07-29,2362.81
2011-08-01,2354.05
2011-08-02,2292.85
2011-08-03,2312.78
2011-08-04,2207.20
2011-08-05,2194.38
2011-08-08,2060.29
2011-08-09,2160.79
2011-08-10,2073.09
2011-08-11,2167.07
2011-08-12,2182.05
2011-08-15,2214.12
2011-08-16,2194.27
2011-08-17,2181.62
2011-08-18,2073.03
2011-08-19,2038.22
2011-08-22,2044.73
2011-08-23,2129.27
2011-08-24,2145.04
2011-08-25,2108.21
2011-08-26,2161.97
2011-08-29,2223.96
2011-08-30,2237.69
2011-08-31,2241.01
2011-09-01,2219.05
2011-09-02,2167.83
2011-09-05,.
2011-09-06,2167.60
2011-09-07,2223.75
2011-09-08,2214.29
2011-09-09,2163.66
2011-09-12,2191.84
2011-09-13,2220.58
2011-09-14,2252.75
2011-09-15,2286.56
2011-09-16,2306.09
2011-09-19,2308.76
2011-09-20,2295.89
2011-09-21,2258.30
2011-09-22,2184.59
2011-09-23,2206.86
2011-09-26,2234.28
2011-09-27,2253.55
2011-09-28,2220.84
2011-09-29,2197.68
2011-09-30,2139.18
2011-10-03,2085.04
2011-10-04,2129.21
2011-10-05,2182.77
2011-10-06,2217.99
2011-10-07,2202.76
2011-10-10,2278.65
2011-10-11,2294.92
2011-10-12,2307.18
2011-10-13,2326.88
2011-10-14,2371.94
2011-10-17,2334.38
2011-10-18,2364.87
2011-10-19,2316.81
2011-10-20,2306.29
2011-10-21,2335.93
2011-10-24,2384.42
2011-10-25,2335.87
2011-10-26,2334.79
2011-10-27,2399.83
2011-10-28,2401.29
2011-10-31,2360.08
2011-11-01,2298.37
2011-11-02,2318.32
2011-11-03,2367.71
2011-11-04,2356.32
2011-11-07,2371.04
2011-11-08,2400.01
2011-11-09,2314.10
2011-11-10,2312.07
2011-11-11,2355.78
2011-11-14,2341.32
2011-11-15,2366.24
2011-11-16,2324.37
2011-11-17,2272.09
2011-11-18,2253.95
2011-11-21,2211.14
2011-11-22,2216.33
2011-11-23,2166.54
2011-11-24,.
2011-11-25,2150.88
2011-11-28,2224.22
2011-11-29,2211.39
2011-11-30,2295.20
2011-12-01,2309.20
2011-12-02,2302.04
2011-12-05,2326.95
2011-12-06,2321.49
2011-12-07,2320.54
2011-12-08,2282.59
2011-12-09,2318.68
2011-12-12,2292.24
2011-12-13,2268.37
2011-12-14,2233.03
2011-12-15,2226.71
2011-12-16,2238.18
2011-12-19,2215.27
2011-12-20,2281.94
2011-12-21,2249.03
2011-12-22,2266.77
2011-12-23,2287.57
2011-12-26,.
2011-12-27,2293.12
2011-12-28,2267.08
2011-12-29,2285.07
2011-12-30,2277.83
2012-01-02,.
2012-01-03,2321.96
2012-01-04,2329.71
2012-01-05,2348.98
2012-01-06,2356.17
2012-01-09,2350.65
2012-01-10,2367.38
2012-01-11,2372.25
2012-01-12,2381.99
2012-01-13,2371.98
2012-01-16,.
2012-01-17,2393.24
2012-01-18,2425.96
2012-01-19,2441.70
2012-01-20,2437.02
2012-01-23,2437.22
2012-01-24,2433.96
2012-01-25,2465.66
2012-01-26,2454.63
2012-01-27,2461.77
2012-01-30,2465.32
2012-01-31,2467.95
2012-02-01,2488.18
2012-02-02,2495.83
2012-02-03,2529.17
2012-02-06,2528.30
2012-02-07,2532.06
2012-02-08,2545.72
2012-02-09,2563.93
2012-02-10,2547.32
2012-02-13,2569.49
2012-02-14,2575.24
2012-02-15,2556.01
2012-02-16,2592.29
2012-02-17,2584.24
2012-02-20,.
2012-02-21,2590.24
2012-02-22,2579.78
2012-02-23,2594.93
2012-02-24,2604.21
2012-02-27,2606.76
2012-02-28,2633.46
2012-02-29,2623.10
2012-03-01,2643.54
2012-03-02,2641.58
2012-03-05,2614.92
2012-03-06,2588.95
2012-03-07,2607.85
2012-03-08,2637.18
2012-03-09,2646.85
2012-03-12,2646.85
2012-03-13,2697.43
2012-03-14,2708.41
2012-03-15,2714.79
2012-03-16,2712.78
2012-03-19,2733.26
2012-03-20,2737.63
2012-03-21,2736.88
2012-03-22,2731.50
2012-03-23,2728.55
2012-03-26,2778.02
2012-03-27,2782.12
2012-03-28,2770.97
2012-03-29,2762.05
2012-03-30,2755.27
2012-04-02,2784.42
2012-04-03,2782.78
2012-04-04,2745.00
2012-04-05,2762.50
2012-04-06,.
2012-04-09,2739.98
2012-04-10,2695.12
2012-04-11,2708.13
2012-04-12,2740.26
2012-04-13,2698.99
2012-04-16,2670.10
2012-04-17,2723.58
2012-04-18,2716.14
2012-04-19,2686.82
2012-04-20,2676.04
2012-04-23,2653.50
2012-04-24,2638.73
2012-04-25,2709.62
2012-04-26,2725.23
2012-04-27,2741.34
2012-04-30,2723.68
2012-05-01,2726.92
2012-05-02,2734.77
2012-05-03,2704.59
2012-05-04,2637.92
2012-05-07,2639.28
2012-05-08,2629.87
2012-05-09,2621.35
2012-05-10,2616.24
2012-05-11,2615.98
2012-05-14,2590.28
2012-05-15,2580.75
2012-05-16,2561.56
2012-05-17,2509.05
2012-05-18,2478.53
2012-05-21,2545.43
2012-05-22,2539.20
2012-05-23,2547.08
2012-05-24,2531.35
2012-05-25,2527.05
2012-05-28,.
2012-05-29,2558.97
2012-05-30,2537.40
2012-05-31,2524.87
2012-06-01,2458.83
2012-06-04,2478.13
2012-06-05,2487.50
2012-06-06,2546.32
2012-06-07,2535.41
2012-06-08,2559.21
2012-06-11,2517.18
2012-06-12,2546.20
2012-06-13,2527.44
2012-06-14,2539.97
2012-06-15,2571.23
2012-06-18,2592.52
2012-06-19,2620.83
2012-06-20,2623.33
2012-06-21,2556.96
2012-06-22,2585.53
2012-06-25,2533.54
2012-06-26,2549.84
2012-06-27,2565.53
2012-06-28,2536.65
2012-06-29,2615.72
2012-07-02,2625.03
2012-07-03,2645.84
2012-07-04,.
2012-07-05,2647.47
2012-07-06,2612.29
2012-07-09,2610.31
2012-07-10,2585.52
2012-07-11,2570.99
2012-07-12,2545.30
2012-07-13,2584.97
2012-07-16,2577.05
2012-07-17,2591.65
2012-07-18,2625.87
2012-07-19,2655.81
2012-07-20,2618.04
2012-07-23,2589.93
2012-07-24,2567.46
2012-07-25,2549.20
2012-07-26,2584.85
2012-07-27,2647.03
2012-07-30,2642.12
2012-07-31,2642.53
2012-08-01,2635.13
2012-08-02,2625.52
2012-08-03,2676.00
2012-08-06,2694.09
2012-08-07,2717.16
2012-08-08,2714.02
2012-08-09,2719.61
2012-08-10,2722.96
2012-08-13,2728.68
2012-08-14,2727.79
2012-08-15,2735.47
2012-08-16,2768.09
2012-08-17,2780.30
2012-08-20,2784.33
2012-08-21,2772.20
2012-08-22,2783.42
2012-08-23,2762.02
2012-08-24,2778.05
2012-08-27,2782.55
2012-08-28,2782.69
2012-08-29,2784.00
2012-08-30,2753.74
2012-08-31,2772.24
2012-09-03,.
2012-09-04,2772.03
2012-09-05,2766.95
2012-09-06,2829.71
2012-09-07,2825.11
2012-09-10,2788.35
2012-09-11,2784.89
2012-09-12,2791.68
2012-09-13,2831.35
2012-09-14,2855.23
2012-09-17,2856.44
2012-09-18,2857.38
2012-09-19,2864.03
2012-09-20,2861.70
2012-09-21,2861.64
2012-09-24,2843.98
2012-09-25,2804.53
2012-09-26,2781.63
2012-09-27,2821.60
2012-09-28,2799.19
2012-10-01,2794.28
2012-10-02,2799.29
2012-10-03,2818.84
2012-10-04,2828.60
2012-10-05,2811.94
2012-10-08,2786.92
2012-10-09,2741.92
2012-10-10,2728.54
2012-10-11,2719.21
2012-10-12,2720.14
2012-10-15,2739.87
2012-10-16,2778.38
2012-10-17,2775.62
2012-10-18,2744.17
2012-10-19,2678.32
2012-10-22,2694.56
2012-10-23,2666.02
2012-10-24,2655.55
2012-10-25,2657.66
2012-10-26,2665.83
2012-10-29,.
2012-10-30,.
2012-10-31,2647.92
2012-11-01,2687.52
2012-11-02,2656.28
2012-11-05,2672.91
2012-11-06,2681.05
2012-11-07,2612.69
2012-11-08,2572.57
2012-11-09,2584.10
2012-11-12,2582.77
2012-11-13,2561.86
2012-11-14,2531.87
2012-11-15,2524.36
2012-11-16,2534.16
2012-11-19,2595.83
2012-11-20,2594.66
2012-11-21,2600.48
2012-11-22,.
2012-11-23,2639.59
2012-11-26,2651.67
2012-11-27,2641.42
2012-11-28,2665.27
2012-11-29,2680.03
2012-11-30,2677.88
2012-12-03,2671.84
2012-12-04,2667.89
2012-12-05,2637.89
2012-12-06,2656.30
2012-12-07,2640.54
2012-12-10,2647.57
2012-12-11,2682.07
2012-12-12,2674.57
2012-12-13,2654.01
2012-12-14,2628.09
2012-12-17,2664.26
2012-12-18,2705.39
2012-12-19,2690.99
2012-12-20,2693.55
2012-12-21,2664.67
2012-12-24,2658.05
2012-12-25,.
2012-12-26,2637.18
2012-12-27,2632.94
2012-12-28,2606.36
2012-12-31,2660.93
2013-01-01,.
2013-01-02,2746.47
2013-01-03,2732.26
2013-01-04,2724.49
2013-01-07,2724.22
2013-01-08,2718.72
2013-01-09,2727.65
2013-01-10,2744.18
2013-01-11,2748.26
2013-01-14,2735.70
2013-01-15,2722.98
2013-01-16,2734.73
2013-01-17,2747.15
2013-01-18,2743.24
2013-01-21,.
2013-01-22,2746.19
2013-01-23,2762.17
2013-01-24,2723.53
2013-01-25,2736.73
2013-01-28,2742.43
2013-01-29,2743.58
2013-01-30,2738.71
2013-01-31,2731.53
2013-02-01,2763.96
2013-02-04,2715.68
2013-02-05,2754.99
2013-02-06,2746.35
2013-02-07,2746.50
2013-02-08,2775.56
2013-02-11,2774.64
2013-02-12,2762.62
2013-02-13,2773.77
2013-02-14,2771.43
2013-02-15,2764.67
2013-02-18,.
2013-02-19,2782.86
2013-02-20,2739.99
2013-02-21,2711.51
2013-02-22,2737.28
2013-02-25,2700.97
2013-02-26,2713.02
2013-02-27,2741.26
2013-02-28,2738.58
2013-03-01,2747.75
2013-03-04,2759.53
2013-03-05,2799.25
2013-03-06,2792.56
2013-03-07,2799.49
2013-03-08,2804.11
2013-03-11,2811.86
2013-03-12,2800.81
2013-03-13,2798.68
2013-03-14,2807.30
2013-03-15,2799.41
2013-03-18,2792.30
2013-03-19,2787.27
2013-03-20,2805.91
2013-03-21,2774.85
2013-03-22,2800.81
2013-03-25,2789.45
2013-03-26,2806.50
2013-03-27,2809.98
2013-03-28,2818.69
2013-03-29,.
2013-04-01,2797.07
2013-04-02,2820.62
2013-04-03,2795.04
2013-04-04,2794.92
2013-04-05,2771.75
2013-04-08,2786.13
2013-04-09,2804.67
2013-04-10,2859.21
2013-04-11,2859.07
2013-04-12,2856.48
2013-04-15,2797.47
2013-04-16,2838.41
2013-04-17,2781.98
2013-04-18,2741.95
2013-04-19,2780.46
2013-04-22,2810.07
2013-04-23,2835.37
2013-04-24,2834.12
2013-04-25,2848.66
2013-04-26,2840.55
2013-04-29,2866.95
2013-04-30,2887.44
2013-05-01,2873.35
2013-05-02,2911.14
2013-05-03,2944.59
2013-05-06,2955.36
2013-05-07,2952.88
2013-05-08,2968.24
2013-05-09,2961.12
2013-05-10,2981.02
2013-05-13,2982.09
2013-05-14,2996.05
2013-05-15,3002.62
2013-05-16,2999.34
2013-05-17,3028.96
2013-05-20,3020.97
2013-05-21,3026.45
2013-05-22,2999.13
2013-05-23,2991.45
2013-05-24,2991.02
2013-05-27,.
2013-05-28,3011.94
2013-05-29,2994.82
2013-05-30,3011.83
2013-05-31,2981.76
2013-06-03,2990.79
2013-06-04,2973.69
2013-06-05,2937.14
2013-06-06,2950.30
2013-06-07,2990.87
2013-06-10,2990.49
2013-06-11,2959.84
2013-06-12,2926.14
2013-06-13,2962.90
2013-06-14,2943.86
2013-06-17,2971.26
2013-06-18,2996.09
2013-06-19,2959.50
2013-06-20,2890.33
2013-06-21,2877.94
2013-06-24,2848.20
2013-06-25,2866.50
2013-06-26,2893.85
2013-06-27,2906.84
2013-06-28,2909.60
2013-07-01,2927.35
2013-07-02,2929.63
2013-07-03,2941.41
2013-07-04,.
2013-07-05,2963.22
2013-07-08,2966.13
2013-07-09,2984.32
2013-07-10,3000.66
2013-07-11,3059.46
2013-07-12,3079.07
2013-07-15,3079.85
2013-07-16,3077.47
2013-07-17,3085.28
2013-07-18,3077.82
2013-07-19,3044.93
2013-07-22,3055.23
2013-07-23,3031.40
2013-07-24,3041.16
2013-07-25,3061.67
2013-07-26,3076.23
2013-07-29,3068.95
2013-07-30,3085.33
2013-07-31,3090.19
2013-08-01,3126.30
2013-08-02,3143.52
2013-08-05,3143.19
2013-08-06,3122.20
2013-08-07,3118.69
2013-08-08,3130.12
2013-08-09,3118.57
2013-08-12,3125.92
2013-08-13,3141.06
2013-08-14,3129.45
2013-08-15,3076.23
2013-08-16,3073.91
2013-08-19,3069.76
2013-08-20,3082.17
2013-08-21,3071.47
2013-08-22,3101.82
2013-08-23,3124.27
2013-08-26,3122.67
2013-08-27,3059.58
2013-08-28,3072.17
2013-08-29,3093.36
2013-08-30,3073.81
2013-09-02,.
2013-09-03,3091.76
2013-09-04,3124.54
2013-09-05,3129.94
2013-09-06,3133.38
2013-09-09,3169.93
2013-09-10,3185.07
2013-09-11,3179.86
2013-09-12,3175.57
2013-09-13,3178.27
2013-09-16,3168.69
2013-09-17,3190.83
2013-09-18,3231.31
2013-09-19,3237.61
2013-09-20,3224.73
2013-09-23,3219.34
2013-09-24,3218.66
2013-09-25,3208.55
2013-09-26,3234.04
2013-09-27,3230.31
2013-09-30,3218.20
2013-10-01,3253.05
2013-10-02,3253.26
2013-10-03,3213.83
2013-10-04,3242.57
2013-10-07,3215.69
2013-10-08,3153.87
2013-10-09,3142.54
2013-10-10,3210.84
2013-10-11,3233.83
2013-10-14,3256.02
2013-10-15,3244.66
2013-10-16,3281.67
2013-10-17,3301.28
2013-10-18,3353.88
2013-10-21,3361.18
2013-10-22,3366.93
2013-10-23,3346.05
2013-10-24,3362.37
2013-10-25,3383.83
2013-10-28,3382.68
2013-10-29,3391.75
2013-10-30,3385.38
2013-10-31,3377.73
2013-11-01,3379.76
2013-11-04,3384.75
2013-11-05,3388.82
2013-11-06,3385.38
2013-11-07,3321.41
2013-11-08,3366.84
2013-11-11,3362.98
2013-11-12,3365.23
2013-11-13,3405.56
2013-11-14,3415.14
2013-11-15,3422.58
2013-11-18,3388.87
2013-11-19,3378.13
2013-11-20,3367.17
2013-11-21,3402.73
2013-11-22,3422.02
2013-11-25,3427.49
2013-11-26,3445.76
2013-11-27,3470.48
2013-11-28,.
2013-11-29,3487.82
2013-12-02,3481.15
2013-12-03,3479.34
2013-12-04,3483.01
2013-12-05,3477.73
2013-12-06,3504.26
2013-12-09,3516.17
2013-12-10,3514.20
2013-12-11,3468.99
2013-12-12,3460.29
2013-12-13,3456.40
2013-12-16,3475.79
2013-12-17,3469.32
2013-12-18,3509.63
2013-12-19,3498.63
2013-12-20,3531.19
2013-12-23,3569.40
2013-12-24,3572.80
2013-12-25,.
2013-12-26,3584.58
2013-12-27,3574.02
2013-12-30,3570.08
2013-12-31,3592.00
2014-01-01,.
2014-01-02,3563.57
2014-01-03,3538.73
2014-01-06,3526.96
2014-01-07,3557.85
2014-01-08,3567.54
2014-01-09,3552.58
2014-01-10,3565.08
2014-01-13,3512.80
2014-01-14,3580.65
2014-01-15,3609.84
2014-01-16,3611.29
2014-01-17,3591.25
2014-01-20,.
2014-01-21,3617.70
2014-01-22,3627.72
2014-01-23,3613.76
2014-01-24,3541.48
2014-01-27,3509.02
2014-01-28,3505.72
2014-01-29,3467.82
2014-01-30,3532.41
2014-01-31,3521.92
2014-02-03,3440.50
2014-02-04,3470.20
2014-02-05,3454.90
2014-02-06,3497.60
2014-02-07,3561.91
2014-02-10,3582.11
2014-02-11,3621.72
2014-02-12,3627.36
2014-02-13,3659.56
2014-02-14,3663.88
2014-02-17,.
2014-02-18,3679.43
2014-02-19,3652.85
2014-02-20,3671.93
2014-02-21,3662.60
2014-02-24,3685.81
2014-02-25,3679.14
2014-02-26,3676.60
2014-02-27,3699.80
2014-02-28,3696.10
2014-03-03,3668.37
2014-03-04,3719.93
2014-03-05,3727.19
2014-03-06,3720.93
2014-03-07,3703.40
2014-03-10,3706.34
2014-03-11,3691.50
2014-03-12,3707.06
2014-03-13,3651.49
2014-03-14,3627.87
2014-03-17,3662.51
2014-03-18,3706.62
2014-03-19,3682.73
2014-03-20,3693.97
2014-03-21,3653.07
2014-03-24,3617.39
2014-03-25,3629.73
2014-03-26,3582.89
2014-03-27,3563.13
2014-03-28,3571.48
2014-03-31,3595.74
2014-04-01,3658.40
2014-04-02,3665.99
2014-04-03,3637.58
2014-04-04,3539.38
2014-04-07,3507.75
2014-04-08,3538.23
2014-04-09,3600.44
2014-04-10,3487.76
2014-04-11,3446.85
2014-04-14,3474.63
2014-04-15,3487.85
2014-04-16,3533.09
2014-04-17,3534.53
2014-04-18,.
2014-04-21,3559.95
2014-04-22,3588.80
2014-04-23,3557.04
2014-04-24,3591.03
2014-04-25,3533.10
2014-04-28,3545.03
2014-04-29,3573.99
2014-04-30,3582.02
2014-05-01,3594.36
2014-05-02,3587.64
2014-05-05,3605.09
2014-05-06,3556.51
2014-05-07,3546.47
2014-05-08,3540.42
2014-05-09,3555.70
2014-05-12,3612.73
2014-05-13,3611.13
2014-05-14,3593.25
2014-05-15,3565.17
2014-05-16,3587.20
2014-05-19,3615.62
2014-05-20,3600.31
2014-05-21,3635.61
2014-05-22,3650.86
2014-05-23,3677.33
2014-05-26,.
2014-05-27,3723.06
2014-05-28,3712.26
2014-05-29,3735.72
2014-05-30,3736.82
2014-06-02,3732.96
2014-06-03,3730.07
2014-06-04,3743.59
2014-06-05,3776.95
2014-06-06,3794.57
2014-06-09,3795.74
2014-06-10,3800.86
2014-06-11,3797.85
2014-06-12,3763.80
2014-06-13,3775.56
2014-06-16,3779.93
2014-06-17,3781.32
2014-06-18,3804.61
2014-06-19,3800.8
2014-06-20,3802.64
2014-06-23,3805.31
2014-06-24,3799.53
2014-06-25,3827.33
2014-06-26,3826.91
2014-06-27,3844.44
2014-06-30,3849.48
2014-07-01,3894.33
2014-07-02,3899.27
2014-07-03,3923.01
2014-07-04,.
2014-07-07,3910.71
2014-07-08,3864.07
2014-07-09,3892.91
2014-07-10,3880.04
2014-07-11,3904.58
2014-07-14,3929.46
2014-07-15,3914.45
2014-07-16,3932.33
2014-07-17,3878.01
2014-07-18,3939.89
2014-07-21,3934.14
2014-07-22,3961.62
2014-07-23,3986.19
2014-07-24,3983.19
2014-07-25,3965.16
2014-07-28,3967.24
2014-07-29,3959.03
2014-07-30,3976.07
2014-07-31,3892.50
2014-08-01,3879.67
2014-08-04,3908.77
2014-08-05,3874.94
2014-08-06,3874.27
2014-08-07,3857.94
2014-08-08,3888.09
2014-08-11,3910.46
2014-08-12,3905.22
2014-08-13,3949.20
2014-08-14,3969.11
2014-08-15,3987.51
2014-08-18,4020.50
2014-08-19,4040.13
2014-08-20,4040.70
2014-08-21,4047.03
2014-08-22,4052.75
2014-08-25,4067.48
2014-08-26,4071.67
2014-08-27,4073.18
2014-08-28,4066.27
2014-08-29,4082.56
2014-09-01,.
2014-09-02,4095.81
2014-09-03,4070.96
2014-09-04,4066.13
2014-09-05,4089.92
2014-09-08,4095.47
2014-09-09,4061.88
2014-09-10,4094.97
2014-09-11,4092.65
2014-09-12,4069.23
2014-09-15,4029.89
2014-09-16,4067.27
2014-09-17,4073.57
2014-09-18,4103.08
2014-09-19,4100.09
2014-09-22,4061.23
2014-09-23,4051.57
2014-09-24,4094.31
2014-09-25,4007.82
2014-09-26,4053.72
2014-09-29,4047.18
2014-09-30,4049.44
2014-10-01,3984.74
2014-10-02,3985.87
2014-10-03,4027.31
2014-10-06,4016.27
2014-10-07,3958.59
2014-10-08,4041.12
2014-10-09,3969.32
2014-10-10,3870.86
2014-10-13,3808.00
2014-10-14,3810.45
2014-10-15,3785.97
2014-10-16,3765.28
2014-10-17,3815.47
2014-10-20,3870.08
2014-10-21,3971.39
2014-10-22,3949.59
2014-10-23,4012.27
2014-10-24,4042.02
2014-10-27,4046.02
2014-10-28,4106.63
2014-10-29,4090.55
2014-10-30,4100.64
2014-10-31,4158.21
2014-11-03,4169.28
2014-11-04,4156.23
2014-11-05,4153.27
2014-11-06,4164.08
2014-11-07,4160.51
2014-11-10,4175.95
2014-11-11,4187.16
2014-11-12,4195.40
2014-11-13,4213.49
2014-11-14,4224.99
2014-11-17,4213.79
2014-11-18,4242.19
2014-11-19,4222.66
2014-11-20,4242.09
2014-11-21,4251.32
2014-11-24,4284.32
2014-11-25,4288.23
2014-11-26,4317.99
2014-11-27,.
2014-11-28,4337.78
2014-12-01,4287.81
2014-12-02,4305.96
2014-12-03,4312.93
2014-12-04,4311.93
2014-12-05,4311.57
2014-12-08,4278.34
2014-12-09,4294.67
2014-12-10,4224.87
2014-12-11,4246.48
2014-12-12,4199.28
2014-12-15,4157.42
2014-12-16,4089.60
2014-12-17,4165.10
2014-12-18,4267.77
2014-12-19,4281.78
2014-12-22,4293.67
2014-12-23,4279.30
2014-12-24,4283.10
2014-12-25,.
2014-12-26,4314.09
2014-12-29,4312.64
2014-12-30,4282.35
2014-12-31,4236.28
2015-01-01,.
2015-01-02,4230.24
2015-01-05,4160.96
2015-01-06,4110.83
2015-01-07,4160.00
2015-01-08,4240.55
2015-01-09,4213.28
2015-01-12,4169.97
2015-01-13,4166.20
2015-01-14,4145.84
2015-01-15,4089.65
2015-01-16,4142.14
2015-01-19,.
2015-01-20,4171.21
2015-01-21,4192.09
2015-01-22,4270.36
2015-01-23,4278.14
2015-01-26,4275.72
2015-01-27,4165.50
2015-01-28,4140.38
2015-01-29,4181.35
2015-01-30,4148.43
2015-02-02,4188.59
2015-02-03,4229.15
2015-02-04,4221.20
2015-02-05,4256.18
2015-02-06,4228.68
2015-02-09,4216.09
2015-02-10,4281.16
2015-02-11,4296.43
2015-02-12,4347.97
2015-02-13,4384.03
2015-02-16,.
2015-02-17,4385.34
2015-02-18,4390.91
2015-02-19,4411.86
2015-02-20,4443.05
2015-02-23,4449.49
2015-02-24,4451.03
2015-02-25,4440.59
2015-02-26,4462.27
2015-02-27,4440.67
2015-03-02,4483.05
2015-03-03,4458.78
2015-03-04,4445.36
2015-03-05,4452.06
2015-03-06,4399.23
2015-03-09,4412.99
2015-03-10,4329.08
2015-03-11,4305.38
2015-03-12,4336.23
2015-03-13,4314.90
2015-03-16,4370.47
2015-03-17,4375.63
2015-03-18,4422.50
2015-03-19,4426.82
2015-03-20,4458.54
2015-03-23,4445.54
2015-03-24,4430.99
2015-03-25,4329.29
2015-03-26,4315.26
2015-03-27,4332.86
2015-03-30,4382.82
2015-03-31,4333.69
2015-04-01,4311.26
2015-04-02,4316.01
2015-04-03,.
2015-04-06,4350.98
2015-04-07,4344.08
2015-04-08,4375.96
2015-04-09,4403.95
2015-04-10,4422.02
2015-04-13,4409.21
2015-04-14,4397.65
2015-04-15,4424.53
2015-04-16,4418.83
2015-04-17,4351.80
2015-04-20,4417.40
2015-04-21,4435.98
2015-04-22,4460.81
2015-04-23,4477.07
2015-04-24,4536.78
2015-04-27,4525.04
2015-04-28,4515.27
2015-04-29,4488.15
2015-04-30,4414.25
2015-05-01,4479.06
2015-05-04,4482.61
2015-05-05,4409.39
2015-05-06,4379.75
2015-05-07,4401.55
2015-05-08,4458.65
2015-05-11,4438.64
2015-05-12,4420.65
2015-05-13,4426.56
2015-05-14,4495.04
2015-05-15,4494.29
2015-05-18,4512.95
2015-05-19,4503.72
2015-05-20,4505.30
2015-05-21,4529.47
2015-05-22,4527.16
2015-05-25,.
2015-05-26,4472.96
2015-05-27,4546.06
2015-05-28,4535.66
2015-05-29,4508.25
2015-06-01,4521.85
2015-06-02,4508.89
2015-06-03,4519.86
2015-06-04,4487.03
2015-06-05,4477.19
2015-06-08,4431.51
2015-06-09,4427.61
2015-06-10,4485.46
2015-06-11,4488.47
2015-06-12,4453.79
2015-06-15,4432.92
2015-06-16,4455.90
2015-06-17,4468.98
2015-06-18,4531.85
2015-06-19,4513.42
2015-06-22,4544.04
2015-06-23,4548.74
2015-06-24,4524.60
2015-06-25,4514.01
2015-06-26,4484.28
2015-06-29,4379.86
2015-06-30,4396.76
2015-07-01,4429.23
2015-07-02,4433.39
2015-07-03,.
2015-07-06,4418.66
2015-07-07,4429.06
2015-07-08,4351.58
2015-07-09,4352.03
2015-07-10,4420.15
2015-07-13,4494.47
2015-07-14,4523.47
2015-07-15,4528.36
2015-07-16,4594.90
2015-07-17,4661.60
2015-07-20,4679.68
2015-07-21,4674.41
2015-07-22,4623.24
2015-07-23,4602.83
2015-07-24,4557.37
2015-07-27,4519.09
2015-07-28,4560.23
2015-07-29,4581.60
2015-07-30,4598.59
2015-07-31,4588.91
2015-08-03,4580.46
2015-08-04,4567.47
2015-08-05,4602.24
2015-08-06,4528.51
2015-08-07,4520.08
2015-08-10,4573.11
2015-08-11,4513.99
2015-08-12,4528.19
2015-08-13,4519.32
2015-08-14,4530.74
2015-08-17,4566.37
2015-08-18,4542.07
2015-08-19,4510.90
2015-08-20,4385.13
2015-08-21,4197.27
2015-08-24,4038.60
2015-08-25,4016.32
2015-08-26,4219.60
2015-08-27,4324.82
2015-08-28,4329.12
2015-08-31,4274.58
2015-09-01,4142.63
2015-09-02,4256.23
2015-09-03,4234.65
2015-09-04,4184.72
2015-09-07,.
2015-09-08,4303.53
2015-09-09,4253.45
2015-09-10,4296.30
2015-09-11,4323.23
2015-09-14,4308.76
2015-09-15,4360.28
2015-09-16,4383.67
2015-09-17,4384.96
2015-09-18,4323.86
2015-09-21,4336.13
2015-09-22,4274.10
2015-09-23,4273.53
2015-09-24,4261.10
2015-09-25,4224.74
2015-09-28,4103.47
2015-09-29,4083.37
2015-09-30,4181.06
2015-10-01,4192.96
2015-10-02,4267.45
2015-10-05,4331.43
2015-10-06,4306.70
2015-10-07,4333.46
2015-10-08,4350.15
2015-10-09,4370.01
2015-10-12,4382.56
2015-10-13,4352.94
2015-10-14,4346.92
2015-10-15,4418.22
2015-10-16,4438.62
2015-10-19,4462.07
2015-10-20,4438.18
2015-10-21,4413.52
2015-10-22,4503.22
2015-10-23,4624.09
2015-10-26,4630.85
2015-10-27,4639.23
2015-10-28,4678.58
2015-10-29,4670.77
2015-10-30,4648.83
2015-11-02,4703.92
2015-11-03,4719.05
2015-11-04,4717.55
2015-11-05,4702.90
2015-11-06,4707.23
2015-11-09,4655.52
2015-11-10,4641.73
2015-11-11,4636.94
2015-11-12,4588.93
2015-11-13,4502.14
2015-11-16,4565.47
2015-11-17,4565.82
2015-11-18,4653.44
2015-11-19,4655.35
2015-11-20,4686.36
2015-11-23,4674.79
2015-11-24,4669.41
2015-11-25,4672.88
2015-11-26,.
2015-11-27,4680.47
2015-11-30,4664.51
2015-12-01,4716.16
2015-12-02,4686.22
2015-12-03,4606.75
2015-12-04,4716.12
2015-12-07,4693.62
2015-12-08,4694.77
2015-12-09,4622.14
2015-12-10,4643.05
2015-12-11,4537.56
2015-12-14,4570.16
2015-12-15,4597.33
2015-12-16,4664.56
2015-12-17,4598.14
2015-12-18,4514.83
2015-12-21,4560.55
2015-12-22,4589.26
2015-12-23,4624.59
2015-12-24,4622.77
2015-12-25,.
2015-12-28,4621.35
2015-12-29,4691.08
2015-12-30,4652.01
2015-12-31,4593.27
2016-01-01,.
2016-01-04,4497.86
2016-01-05,4484.18
2016-01-06,4443.99
2016-01-07,4305.72
2016-01-08,4270.78
2016-01-11,4283.55
2016-01-12,4333.72
2016-01-13,4183.12
2016-01-14,4272.97
2016-01-15,4141.08
2016-01-18,.
2016-01-19,4147.07
2016-01-20,4136.28
2016-01-21,4142.60
2016-01-22,4259.77
2016-01-25,4196.53
2016-01-26,4233.85
2016-01-27,4128.86
2016-01-28,4186.06
2016-01-29,4279.17
2016-02-01,4286.56
2016-02-02,4193.10
2016-02-03,4171.97
2016-02-04,4167.77
2016-02-05,4024.47
2016-02-08,3960.67
2016-02-09,3947.80
2016-02-10,3966.28
2016-02-11,3962.22
2016-02-12,4019.19
2016-02-15,.
2016-02-16,4104.33
2016-02-17,4199.10
2016-02-18,4151.49
2016-02-19,4164.09
2016-02-22,4231.27
2016-02-23,4162.54
2016-02-24,4200.66
2016-02-25,4241.06
2016-02-26,4235.62
2016-02-29,4201.12
2016-03-01,4333.61
2016-03-02,4334.39
2016-03-03,4325.86
2016-03-04,4329.00
2016-03-07,4303.33
2016-03-08,4265.51
2016-03-09,4293.23
2016-03-10,4286.97
2016-03-11,4361.83
2016-03-14,4367.33
2016-03-15,4367.08
2016-03-16,4404.20
2016-03-17,4400.26
2016-03-18,4410.83
2016-03-21,4426.98
2016-03-22,4437.62
2016-03-23,4402.56
2016-03-24,4405.53
2016-03-25,.
2016-03-28,4398.07
2016-03-29,4467.72
2016-03-30,4490.88
2016-03-31,4483.66
2016-04-01,4532.08
2016-04-04,4511.70
2016-04-05,4470.75
2016-04-06,4543.78
2016-04-07,4475.29
2016-04-08,4474.93
2016-04-11,4458.71
2016-04-12,4496.04
2016-04-13,4554.72
2016-04-14,4554.62
2016-04-15,4543.16
2016-04-18,4569.31
2016-04-19,4537.09
2016-04-20,4540.44
2016-04-21,4540.80
2016-04-22,4474.19
2016-04-25,4474.13
2016-04-26,4452.97
2016-04-27,4416.63
2016-04-28,4363.99
2016-04-29,4341.30
2016-05-02,4381.30
2016-05-03,4341.39
2016-05-04,4312.01
2016-05-05,4309.48
2016-05-06,4330.17
2016-05-09,4341.23
2016-05-10,4402.04
2016-05-11,4361.03
2016-05-12,4342.81
2016-05-13,4326.53
2016-05-16,4380.48
2016-05-17,4322.56
2016-05-18,4338.23
2016-05-19,4315.58
2016-05-20,4362.90
2016-05-23,4355.10
2016-05-24,4444.30
2016-05-25,4476.43
2016-05-26,4487.96
2016-05-27,4512.54
2016-05-30,.
2016-05-31,4523.89
2016-06-01,4520.07
2016-06-02,4531.35
2016-06-03,4509.79
2016-06-06,4523.63
2016-06-07,4513.09
2016-06-08,4520.63
2016-06-09,4512.69
2016-06-10,4461.05
2016-06-13,4422.76
2016-06-14,4424.91
2016-06-15,4409.51
2016-06-16,4424.23
2016-06-17,4374.38
2016-06-20,4400.16
2016-06-21,4413.40
2016-06-22,4404.73
2016-06-23,4467.48
2016-06-24,4285.70
2016-06-27,4201.05
2016-06-28,4290.47
2016-06-29,4364.74
2016-06-30,4417.70
2016-07-01,4437.44
2016-07-04,.
2016-07-05,4410.75
2016-07-06,4444.70
2016-07-07,4459.58
2016-07-08,4528.36
2016-07-11,4554.71
2016-07-12,4577.61
2016-07-13,4565.77
2016-07-14,4596.49
2016-07-15,4589.83
2016-07-18,4619.68
2016-07-19,4603.28
2016-07-20,4657.20
2016-07-21,4647.02
2016-07-22,4666.07
2016-07-25,4665.93
2016-07-26,4672.11
2016-07-27,4702.88
2016-07-28,4721.41
2016-07-29,4730.23
2016-08-01,4756.04
2016-08-02,4719.21
2016-08-03,4734.33
2016-08-04,4743.81
2016-08-05,4791.21
2016-08-08,4784.74
2016-08-09,4795.75
2016-08-10,4783.39
2016-08-11,4803.31
2016-08-12,4807.08
2016-08-15,4827.12
2016-08-16,4797.19
2016-08-17,4805.45
2016-08-18,4808.68
2016-08-19,4806.14
2016-08-22,4808.56
2016-08-23,4818.48
2016-08-24,4783.49
2016-08-25,4775.43
2016-08-26,4783.69
2016-08-29,4791.09
2016-08-30,4776.00
2016-08-31,4771.05
2016-09-01,4783.94
2016-09-02,4798.74
2016-09-05,.
2016-09-06,4829.51
2016-09-07,4831.86
2016-09-08,4804.00
2016-09-09,4681.54
2016-09-12,4764.65
2016-09-13,4722.84
2016-09-14,4746.06
2016-09-15,4819.90
2016-09-16,4818.05
2016-09-19,4796.07
2016-09-20,4805.22
2016-09-21,4853.75
2016-09-22,4891.36
2016-09-23,4858.91
2016-09-26,4817.17
2016-09-27,4866.71
2016-09-28,4875.27
2016-09-29,4838.30
2016-09-30,4875.70
2016-10-03,4866.62
2016-10-04,4859.47
2016-10-05,4877.75
2016-10-06,4873.92
2016-10-07,4864.52
2016-10-10,4893.77
2016-10-11,4821.91
2016-10-12,4819.63
2016-10-13,4803.10
2016-10-14,4808.48
2016-10-17,4796.17
2016-10-18,4839.72
2016-10-19,4836.61
2016-10-20,4832.71
2016-10-21,4851.86
2016-10-24,4909.97
2016-10-25,4891.45
2016-10-26,4860.59
2016-10-27,4836.45
2016-10-28,4805.59
2016-10-31,4801.27
2016-11-01,4766.94
2016-11-02,4726.91
2016-11-03,4679.10
2016-11-04,4660.46
2016-11-07,4773.73
2016-11-08,4804.92
2016-11-09,4825.18
2016-11-10,4747.03
2016-11-11,4751.95
2016-11-14,4702.04
2016-11-15,4764.47
2016-11-16,4792.27
2016-11-17,4826.59
2016-11-18,4808.04
2016-11-21,4859.00
2016-11-22,4873.84
2016-11-23,4853.86
2016-11-24,.
2016-11-25,4870.02
2016-11-28,4857.02
2016-11-29,4873.21
2016-11-30,4810.81
2016-12-01,4734.10
2016-12-02,4739.37
2016-12-05,4778.14
2016-12-06,4788.67
2016-12-07,4851.94
2016-12-08,4859.19
2016-12-09,4895.90
2016-12-12,4874.30
2016-12-13,4935.84
2016-12-14,4921.22
2016-12-15,4933.41
2016-12-16,4914.86
2016-12-19,4934.85
2016-12-20,4953.80
2016-12-21,4948.90
2016-12-22,4934.39
2016-12-23,4940.02
2016-12-26,.
2016-12-27,4965.81
2016-12-28,4926.29
2016-12-29,4918.28
2016-12-30,4863.62
2017-01-02,.
2017-01-03,4911.33
2017-01-04,4937.21
2017-01-05,4964.95
2017-01-06,5007.08
2017-01-09,5024.90
2017-01-10,5035.17
2017-01-11,5050.21
2017-01-12,5041.43
2017-01-13,5059.51
2017-01-16,.
2017-01-17,5044.65
2017-01-18,5055.85
2017-01-19,5051.17
2017-01-20,5063.20
2017-01-23,5065.70
2017-01-24,5101.06
2017-01-25,5151.47
2017-01-26,5156.92
2017-01-27,5168.06
2017-01-30,5129.33
2017-01-31,5116.77
2017-02-01,5152.69
2017-02-02,5147.70
2017-02-03,5161.60
2017-02-06,5167.96
2017-02-07,5185.88
2017-02-08,5196.58
2017-02-09,5212.16
2017-02-10,5226.69
2017-02-13,5256.82
2017-02-14,5271.07
2017-02-15,5302.39
2017-02-16,5300.64
2017-02-17,5324.72
2017-02-20,.
2017-02-21,5350.73
2017-02-22,5352.13
2017-02-23,5332.37
2017-02-24,5343.31
2017-02-27,5347.55
2017-02-28,5330.31
2017-03-01,5390.99
2017-03-02,5363.26
2017-03-03,5373.48
2017-03-06,5360.31
2017-03-07,5351.28
2017-03-08,5359.80
2017-03-09,5363.98
2017-03-10,5385.90
2017-03-13,5394.57
2017-03-14,5382.17
2017-03-15,5416.25
2017-03-16,5412.08
2017-03-17,5408.76
2017-03-20,5413.31
2017-03-21,5332.53
2017-03-22,5367.56
2017-03-23,5355.14
2017-03-24,5364.00
2017-03-27,5374.27
2017-03-28,5407.21
2017-03-29,5430.27
2017-03-30,5439.74
2017-03-31,5436.23
2017-04-03,5432.20
2017-04-04,5440.41
2017-04-05,5418.52
2017-04-06,5420.88
2017-04-07,5418.37
2017-04-10,5421.68
2017-04-11,5398.40
2017-04-12,5377.03
2017-04-13,5353.59
2017-04-14,.
2017-04-17,5399.20
2017-04-18,5391.66
2017-04-19,5399.64
2017-04-20,5443.53
2017-04-21,5442.05
2017-04-24,5508.03
2017-04-25,5548.19
2017-04-26,5541.09
2017-04-27,5571.28
2017-04-28,5583.53
2017-05-01,5629.63
2017-05-02,5644.07
2017-05-03,5625.16
2017-05-04,5626.32
2017-05-05,5646.09
2017-05-08,5659.07
2017-05-09,5678.31
2017-05-10,5681.68
2017-05-11,5674.22
2017-05-12,5686.81
2017-05-15,5704.48
2017-05-16,5724.44
2017-05-17,5580.55
2017-05-18,5626.31
2017-05-19,5651.56
2017-05-22,5699.40
2017-05-23,5703.35
2017-05-24,5730.30
2017-05-25,5778.37
2017-05-26,5788.36
2017-05-29,.
2017-05-30,5794.63
2017-05-31,5788.80
2017-06-01,5816.51
2017-06-02,5881.46
2017-06-05,5878.12
2017-06-06,5856.77
2017-06-07,5877.59
2017-06-08,5885.30
2017-06-09,5741.94
2017-06-12,5708.18
2017-06-13,5751.82
2017-06-14,5727.07
2017-06-15,5700.89
2017-06-16,5681.48
2017-06-19,5772.22
2017-06-20,5726.31
2017-06-21,5782.39
2017-06-22,5779.87
2017-06-23,5803.11
2017-06-26,5777.59
2017-06-27,5671.60
2017-06-28,5753.03
2017-06-29,5653.02
2017-06-30,5646.92
2017-07-03,5596.96
2017-07-04,.
2017-07-05,5648.82
2017-07-06,5597.90
2017-07-07,5656.47
2017-07-10,5694.15
2017-07-11,5709.80
2017-07-12,5778.95
2017-07-13,5793.36
2017-07-14,5838.08
2017-07-17,5839.74
2017-07-18,5880.10
2017-07-19,5916.16
2017-07-20,5921.22
2017-07-21,5921.52
2017-07-24,5941.37
2017-07-25,5930.65
2017-07-26,5950.73
2017-07-27,5917.03
2017-07-28,5908.92
2017-07-31,5880.33
2017-08-01,5895.17
2017-08-02,5914.23
2017-08-03,5891.20
2017-08-04,5899.91
2017-08-07,5934.73
2017-08-08,5926.35
2017-08-09,5919.39
2017-08-10,5788.19
2017-08-11,5831.53
2017-08-14,5908.17
2017-08-15,5907.73
2017-08-16,5917.42
2017-08-17,5796.32
2017-08-18,5790.91
2017-08-21,5786.54
2017-08-22,5873.33
2017-08-23,5851.78
2017-08-24,5834.44
2017-08-25,5822.53
2017-08-28,5838.08
2017-08-29,5862.14
2017-08-30,5932.90
2017-08-31,5988.60
2017-09-01,5987.90
2017-09-04,.
2017-09-05,5932.73
2017-09-06,5951.13
2017-09-07,5964.31
2017-09-08,5913.37
2017-09-11,5980.53
2017-09-12,5995.64
2017-09-13,6004.38
2017-09-14,5968.82
2017-09-15,5988.00
2017-09-18,5981.12
2017-09-19,5991.08
2017-09-20,5973.60
2017-09-21,5934.91
2017-09-22,5932.32
2017-09-25,5867.35
2017-09-26,5881.34
2017-09-27,5937.79
2017-09-28,5933.07
2017-09-29,5979.30
2017-10-02,5981.92
2017-10-03,5995.06
2017-10-04,5998.84
2017-10-05,6057.14
2017-10-06,6064.57
2017-10-09,6058.53
2017-10-10,6063.52
2017-10-11,6081.25
2017-10-12,6069.99
2017-10-13,6092.45
2017-10-16,6114.53
2017-10-17,6122.61
2017-10-18,6114.35
2017-10-19,6092.62
2017-10-20,6108.82
2017-10-23,6067.83
2017-10-24,6080.22
2017-10-25,6055.04
2017-10-26,6037.87
2017-10-27,6213.47
2017-10-30,6227.59
2017-10-31,6248.56
2017-11-01,6248.65
2017-11-02,6236.39
2017-11-03,6295.58
2017-11-06,6313.61
2017-11-07,6320.78
2017-11-08,6345.81
2017-11-09,6312.21
2017-11-10,6309.07
2017-11-13,6316.18
2017-11-14,6293.64
2017-11-15,6258.36
2017-11-16,6339.14
2017-11-17,6314.51
2017-11-20,6308.61
2017-11-21,6378.63
2017-11-22,6386.12
2017-11-23,.
2017-11-24,6409.29
2017-11-27,6405.97
2017-11-28,6422.56
2017-11-29,6311.38
2017-11-30,6365.56
2017-12-01,6337.87
2017-12-04,6263.70
2017-12-05,6265.11
2017-12-06,6293.05
2017-12-07,6316.28
2017-12-08,6344.57
2017-12-11,6393.89
2017-12-12,6383.65
2017-12-13,6394.67
2017-12-14,6389.91
2017-12-15,6466.32
2017-12-18,6513.27
2017-12-19,6480.67
2017-12-20,6472.48
2017-12-21,6472.69
2017-12-22,6465.17
2017-12-25,.
2017-12-26,6433.16
2017-12-27,6435.15
2017-12-28,6441.42
2017-12-29,6396.42
2018-01-01,.
2018-01-02,6511.34
2018-01-03,6575.80
2018-01-04,6584.58
2018-01-05,6653.29
2018-01-08,6676.63
2018-01-09,6677.94
2018-01-10,6662.66
2018-01-11,6708.49
2018-01-12,6758.54
2018-01-15,.
2018-01-16,6737.14
2018-01-17,6810.28
2018-01-18,6811.38
2018-01-19,6834.33
2018-01-22,6906.28
2018-01-23,6963.46
2018-01-24,6919.35
2018-01-25,6916.30
2018-01-26,7022.97
2018-01-29,6988.32
2018-01-30,6930.73
2018-01-31,6949.99
2018-02-01,6901.50
2018-02-02,6760.29
2018-02-05,6495.92
2018-02-06,6665.98
2018-02-07,6582.02
2018-02-08,6306.10
2018-02-09,6412.68
2018-02-12,6523.85
2018-02-13,6553.86
2018-02-14,6675.03
2018-02-15,6794.92
2018-02-16,6770.66
2018-02-19,.
2018-02-20,6779.69
2018-02-21,6759.26
2018-02-22,6761.85
2018-02-23,6896.60
2018-02-26,6989.10
2018-02-27,6900.35
2018-02-28,6854.42
2018-03-01,6750.54
2018-03-02,6811.04
2018-03-05,6881.28
2018-03-06,6913.02
2018-03-07,6929.39
2018-03-08,6966.43
2018-03-09,7101.18
2018-03-12,7131.12
2018-03-13,7046.51
2018-03-14,7040.98
2018-03-15,7030.97
2018-03-16,7019.95
2018-03-19,6864.88
2018-03-20,6885.92
2018-03-21,6853.45
2018-03-22,6682.26
2018-03-23,6508.09
2018-03-26,6753.83
2018-03-27,6529.84
2018-03-28,6460.81
2018-03-29,6581.13
2018-03-30,.
2018-04-02,6390.84
2018-04-03,6458.83
2018-04-04,6560.059
2018-04-05,6594.84
2018-04-06,6433.215
2018-04-09,6472.344
2018-04-10,6615.871
2018-04-11,6583.445
2018-04-12,6656.254
2018-04-13,6628.344
2018-04-16,6675.18
2018-04-17,6816.367
2018-04-18,6833.211
2018-04-19,6774.887
2018-04-20,6667.75
2018-04-23,6648.805
2018-04-24,6509.047
2018-04-25,6513.941
2018-04-26,6649.652
2018-04-27,6656.352
2018-04-30,6605.57
2018-05-01,6681.961
2018-05-02,6644.477
2018-05-03,6643.48
2018-05-04,6769.117
2018-05-07,6821.875
2018-05-08,6815.484
2018-05-09,6893.215
2018-05-10,6963.547
2018-05-11,6952.563
2018-05-14,6964.371
2018-05-15,6888.535
2018-05-16,6929.965
2018-05-17,6901.633
2018-05-18,6866.254
2018-05-21,6905.531
2018-05-22,6893.621
2018-05-23,6953.629
2018-05-24,6949.699
2018-05-25,6960.918
2018-05-28,.
2018-05-29,6926.543
2018-05-30,6976.367
2018-05-31,6967.73
2018-06-01,7083.926
2018-06-04,7143.57
2018-06-05,7166.754
2018-06-06,7210.082
2018-06-07,7152.832
2018-06-08,7152.621
2018-06-11,7168.48
2018-06-12,7209.184
2018-06-13,7205.254
2018-06-14,7279.594
2018-06-15,7255.754
2018-06-18,7251.406
2018-06-19,7228.043
2018-06-20,7280.703
2018-06-21,7217.488
2018-06-22,7197.512
2018-06-25,7038.172
2018-06-26,7068.195
2018-06-27,6969.672
2018-06-28,7031.605
2018-06-29,7040.801
2018-07-02,7097.82
2018-07-03,7014.555
2018-07-04,.
2018-07-05,7101.047
2018-07-06,7207.332
2018-07-09,7276.00
2018-07-10,7282.598
2018-07-11,7243.98
2018-07-12,7366.25
2018-07-13,7375.816
2018-07-16,7357.898
2018-07-17,7403.891
2018-07-18,7390.125
2018-07-19,7352.359
2018-07-20,7350.227
2018-07-23,7371.781
2018-07-24,7406.246
2018-07-25,7508.586
2018-07-26,7400.75
2018-07-27,7296.781
2018-07-30,7193.102
2018-07-31,7231.984
2018-08-01,7272.887
2018-08-02,7372.148
2018-08-03,7395.488
2018-08-06,7438.996
2018-08-07,7462.652
2018-08-08,7469.547
2018-08-09,7466.961
2018-08-10,7408.305
2018-08-13,7401.168
2018-08-14,7447.168
2018-08-15,7354.66
2018-08-16,7374.293
2018-08-17,7377.543
2018-08-20,7371.418
2018-08-21,7397.227
2018-08-22,7424.594
2018-08-23,7413.84
2018-08-24,7485.402
2018-08-27,7559.133
2018-08-28,7570.246
2018-08-29,7660.18
2018-08-30,7642.668
2018-08-31,7654.555
2018-09-03,.
2018-09-04,7622.324
2018-09-05,7523.258
2018-09-06,7453.168
2018-09-07,7430.262
2018-09-10,7447.676
2018-09-11,7507.871
2018-09-12,7488.066
2018-09-13,7561.688
2018-09-14,7545.496
2018-09-17,7434.73
2018-09-18,7494.398
2018-09-19,7490.324
2018-09-20,7569.035
2018-09-21,7531.07
2018-09-24,7548.75
2018-09-25,7563.195
2018-09-26,7563.086
2018-09-27,7629.574
2018-09-28,7627.648
2018-10-01,7645.453
2018-10-02,7628.277
2018-10-03,7637.426
2018-10-04,7490.004
2018-10-05,7399.008
2018-10-08,7352.824
2018-10-09,7371.617
2018-10-10,7044.496
2018-10-11,6964.027
2018-10-12,7157.207
2018-10-15,7068.672
2018-10-16,7276.426
2018-10-17,7278.633
2018-10-18,7116.09
2018-10-19,7107.234
2018-10-22,7141.211
2018-10-23,7118.676
2018-10-24,6789.156
2018-10-25,7016.391
2018-10-26,6852.406
2018-10-29,6713.902
2018-10-30,6810.121
2018-10-31,6967.094
2018-11-01,7069.172
2018-11-02,6965.293
2018-11-05,6937.09
2018-11-06,6988.848
2018-11-07,7203.133
2018-11-08,7158.59
2018-11-09,7039.148
2018-11-12,6829.098
2018-11-13,6830.906
2018-11-14,6769.871
2018-11-15,6890.445
2018-11-16,6867.016
2018-11-19,6642.918
2018-11-20,6526.965
2018-11-21,6575.664
2018-11-22,.
2018-11-23,6527.348
2018-11-26,6678.34
2018-11-27,6701.035
2018-11-28,6913.324
2018-11-29,6892.398
2018-11-30,6949.016
2018-12-03,7062.133
2018-12-04,6795.215
2018-12-05,.
2018-12-06,6838.852
2018-12-07,6613.273
2018-12-10,6682.742
2018-12-11,6704.238
2018-12-12,6763.957
2018-12-13,6767.973
2018-12-14,6594.965
2018-12-17,6448.387
2018-12-18,6491.516
2018-12-19,6342.969
2018-12-20,6243.195
2018-12-21,6046.555
2018-12-24,5899.355
2018-12-25,.
2018-12-26,6262.766
2018-12-27,6288.301
2018-12-28,6285.266
2018-12-31,6329.965
2019-01-01,.
2019-01-02,6360.871
2019-01-03,6147.129
2019-01-04,6422.672
2019-01-07,6488.254
2019-01-08,6551.848
2019-01-09,6600.695
2019-01-10,6620.941
2019-01-11,6601.395
2019-01-14,6541.039
2019-01-15,6669.637
2019-01-16,6668.563
2019-01-17,6718.453
2019-01-18,6784.609
2019-01-21,.
2019-01-22,6646.813
2019-01-23,6658.762
2019-01-24,6702.547
2019-01-25,6787.371
2019-01-28,6697.086
2019-01-29,6632.793
2019-01-30,6807.91
2019-01-31,6906.84
2019-02-01,6875.52
2019-02-04,6959.957
2019-02-05,7023.52
2019-02-06,6997.621
2019-02-07,6904.98
2019-02-08,6913.129
2019-02-11,6909.184
2019-02-12,7014.668
2019-02-13,7015.875
2019-02-14,7022.418
2019-02-15,7055.18
2019-02-18,.
2019-02-19,7066.613
2019-02-20,7062.34
2019-02-21,7035.164
2019-02-22,7090.625
2019-02-25,7115.426
2019-02-26,7123.215
2019-02-27,7117.004
2019-02-28,7097.527
2019-03-01,7151.57
2019-03-04,7150.832
2019-03-05,7156.785
2019-03-06,7112.469
2019-03-07,7026.883
2019-03-08,7015.691
2019-03-11,7164.02
2019-03-12,7201.281
2019-03-13,7256.98
2019-03-14,7243.012
2019-03-15,7306.988
2019-03-18,7326.281
2019-03-19,7349.277
2019-03-20,7380.754
2019-03-21,7493.27
2019-03-22,7326.059
2019-03-25,7316.957
2019-03-26,7351.148
2019-03-27,7308.191
2019-03-28,7320.473
2019-03-29,7378.773
2019-04-01,7478.414
2019-04-02,7499.641
2019-04-03,7544.973
2019-04-04,7540.566
2019-04-05,7578.84
2019-04-08,7599.742
2019-04-09,7568.484
2019-04-10,7611.488
2019-04-11,7594.891
2019-04-12,7628.148
2019-04-15,7629.121
2019-04-16,7654.73
2019-04-17,7680.719
2019-04-18,7689.715
2019-04-19,7689.715
2019-04-22,7713.496
2019-04-23,7810.707
2019-04-24,7784.414
2019-04-25,7816.918
2019-04-26,7826.68
2019-04-29,7839.039
2019-04-30,7781.457
2019-05-01,7751.848
2019-05-02,7724.055
2019-05-03,7845.73
2019-05-06,7794.094
2019-05-07,7640.148
2019-05-08,7617.551
2019-05-09,7582.746
2019-05-10,7586.531
2019-05-13,7324.133
2019-05-14,7401.883
2019-05-15,7503.246
2019-05-16,7580.141
2019-05-17,7503.68
2019-05-20,7376.703
2019-05-21,7451.02
2019-05-22,7420.656
2019-05-23,7307.934
2019-05-24,7300.961
2019-05-27,.
2019-05-28,7278.375
2019-05-29,7216.859
2019-05-30,7245.402
2019-05-31,7127.957
2019-06-03,6978.016
2019-06-04,7166.746
2019-06-05,7220.902
2019-06-06,7275.926
2019-06-07,7417.293
2019-06-10,7501.93
2019-06-11,7513.848
2019-06-12,7472.293
2019-06-13,7510.684
2019-06-14,7479.113
2019-06-17,7526.52
2019-06-18,7635.398
2019-06-19,7667.738
2019-06-20,7738.055
2019-06-21,7728.781
2019-06-24,7723.023
2019-06-25,7591.535
2019-06-26,7627.051
2019-06-27,7657.047
2019-06-28,7671.074
2019-07-01,7768.137
2019-07-02,7799.824
2019-07-03,7857.691
2019-07-04,.
2019-07-05,7841.301
2019-07-08,7785.785
2019-07-09,7826.859
2019-07-10,7903.402
2019-07-11,7896.777
2019-07-12,7943.242
2019-07-15,7966.926
2019-07-16,7927.078
2019-07-17,7888.762
2019-07-18,7904.133
2019-07-19,7834.898
2019-07-22,7905.121
2019-07-23,7954.563
2019-07-24,8010.605
2019-07-25,7929.867
2019-07-26,8016.953
2019-07-29,7989.082
2019-07-30,7952.473
2019-07-31,7848.781
2019-08-01,7801.145
2019-08-02,7692.801
2019-08-05,7415.691
2019-08-06,7521.32
2019-08-07,7551.898
2019-08-08,7724.828
2019-08-09,7646.27
2019-08-12,7561.684
2019-08-13,7728.152
2019-08-14,7490.129
2019-08-15,7484.887
2019-08-16,7604.109
2019-08-19,7719.324
2019-08-20,7664.473
2019-08-21,7733.215
2019-08-22,7707.426
2019-08-23,7464.996
2019-08-26,7575.02
2019-08-27,7566.027
2019-08-28,7587.895
2019-08-29,7702.313
2019-08-30,7690.996
2019-09-02,.
2019-09-03,7609.512
2019-09-04,7719.246
2019-09-05,7862.539
2019-09-06,7852.539
2019-09-09,7832.402
2019-09-10,7814.742
2019-09-11,7887.582
2019-09-12,7917.34
2019-09-13,7892.953
2019-09-16,7852.414
2019-09-17,7888.785
2019-09-18,7888.555
2019-09-19,7901.793
2019-09-20,7823.555
2019-09-23,7818.609
2019-09-24,7710.043
2019-09-25,7803.543
2019-09-26,7771.992
2019-09-27,7681.578
2019-09-30,7749.449
2019-10-01,7684.141
2019-10-02,7550.785
2019-10-03,7638.395
2019-10-04,7754.102
2019-10-07,7725.129
2019-10-08,7604.27
2019-10-09,7690.527
2019-10-10,7740.363
2019-10-11,7843.875
2019-10-14,7842.332
2019-10-15,7942.852
2019-10-16,7920.207
2019-10-17,7942.145
2019-10-18,7868.492
2019-10-21,7940.332
2019-10-22,7874.617
2019-10-23,7889.473
2019-10-24,7966.719
2019-10-25,8029.219
2019-10-28,8110.668
2019-10-29,8047.508
2019-10-30,8083.113
2019-10-31,8083.832
2019-11-01,8161.168
2019-11-04,8210.664
2019-11-05,8210.176
2019-11-06,8196.027
2019-11-07,8219.645
2019-11-08,8255.887
2019-11-11,8241.91
2019-11-12,8263.789
2019-11-13,8259.813
2019-11-14,8257.832
2019-11-15,8315.523
2019-11-18,8328.48
2019-11-19,8338.738
2019-11-20,8283.754
2019-11-21,8265.617
2019-11-22,8272.051
2019-11-25,8371.93
2019-11-26,8385.746
2019-11-27,8444.707
2019-11-28,.
2019-11-29,8403.684
2019-12-02,8309.262
2019-12-03,8254.738
2019-12-04,8296.531
2019-12-05,8308.398
2019-12-06,8397.367
2019-12-09,8362.742
2019-12-10,8354.293
2019-12-11,8402.609
2019-12-12,8466.895
2019-12-13,8487.707
2019-12-16,8570.336
2019-12-17,8575.699
2019-12-18,8580.625
2019-12-19,8641.293
2019-12-20,8678.492
2019-12-23,8696.008
2019-12-24,8699.504
2019-12-25,.
2019-12-26,8778.313
2019-12-27,8770.98
2019-12-30,8709.727
2019-12-31,8733.074
2020-01-01,.
2020-01-02,8872.219
2020-01-03,8793.902
2020-01-06,8848.516
2020-01-07,8846.449
2020-01-08,8912.371
2020-01-09,8989.629
2020-01-10,8966.637
2020-01-13,9070.648
2020-01-14,9033.422
2020-01-15,9035.668
2020-01-16,9125.00
2020-01-17,9173.734
2020-01-20,.
2020-01-21,9166.629
2020-01-22,9188.574
2020-01-23,9216.984
2020-01-24,9141.469
2020-01-27,8952.18
2020-01-28,9090.934
2020-01-29,9101.613
2020-01-30,9136.086
2020-01-31,8991.512
2020-02-03,9126.23
2020-02-04,9334.055
2020-02-05,9367.48
2020-02-06,9445.918
2020-02-07,9401.098
2020-02-10,9516.84
2020-02-11,9517.859
2020-02-12,9613.199
2020-02-13,9595.703
2020-02-14,9623.582
2020-02-17,.
2020-02-18,9629.801
2020-02-19,9718.727
2020-02-20,9627.832
2020-02-21,9446.688
2020-02-24,9079.633
2020-02-25,8834.867
2020-02-26,8873.758
2020-02-27,8436.668
2020-02-28,8461.836
2020-03-02,8877.977
2020-03-03,8594.492
2020-03-04,8949.281
2020-03-05,8671.66
2020-03-06,8530.336
2020-03-09,7948.027
2020-03-10,8372.266
2020-03-11,8006.117
2020-03-12,7263.652
2020-03-13,7995.262
2020-03-16,7020.375
2020-03-17,7473.949
2020-03-18,7175.176
2020-03-19,7288.523
2020-03-20,6994.293
2020-03-23,7006.918
2020-03-24,7553.824
2020-03-25,7469.617
2020-03-26,7897.129
2020-03-27,7588.371
2020-03-30,7889.004
2020-03-31,7813.50
2020-04-01,7486.285
2020-04-02,7635.656
2020-04-03,7528.113
2020-04-06,8081.664
2020-04-07,8049.309
2020-04-08,8229.543
2020-04-09,8238.527
2020-04-10,.
2020-04-13,8332.738
2020-04-14,8692.156
2020-04-15,8591.957
2020-04-16,8757.832
2020-04-17,8832.414
2020-04-20,8726.512
2020-04-21,8403.004
2020-04-22,8664.633
2020-04-23,8641.496
2020-04-24,8786.602
2020-04-27,8837.656
2020-04-28,8677.602
2020-04-29,8982.762
2020-04-30,9000.508
2020-05-01,8718.18
2020-05-04,8834.109
2020-05-05,8930.617
2020-05-06,8984.859
2020-05-07,9101.875
2020-05-08,9220.355
2020-05-11,9298.922
2020-05-12,9112.449
2020-05-13,9000.078
2020-05-14,9094.426
2020-05-15,9152.641
2020-05-18,9331.926
2020-05-19,9298.543
2020-05-20,9485.02
2020-05-21,9377.992
2020-05-22,9413.988
2020-05-25,.
2020-05-26,9389.977
2020-05-27,9442.047
2020-05-28,9416.715
2020-05-29,9555.523
2020-06-01,9598.887
2020-06-02,9657.309
2020-06-03,9704.688
2020-06-04,9629.664
2020-06-05,9824.391
2020-06-08,9901.52
2020-06-09,9967.176
2020-06-10,10094.258
2020-06-11,9588.48
2020-06-12,9663.773
2020-06-15,9776.891
2020-06-16,9949.367
2020-06-17,9982.48
2020-06-18,10012.055
2020-06-19,10008.645
2020-06-22,10130.332
2020-06-23,10209.816
2020-06-24,10002.699
2020-06-25,10101.836
2020-06-26,9849.355
2020-06-29,9961.164
2020-06-30,10156.852
2020-07-01,10279.246
2020-07-02,10341.891
2020-07-03,.
2020-07-06,10604.059
2020-07-07,10524.012
2020-07-08,10666.699
2020-07-09,10754.59
2020-07-10,10836.332
2020-07-13,10602.207
2020-07-14,10689.52
2020-07-15,10701.68
2020-07-16,10626.461
2020-07-17,10645.219
2020-07-20,10952.074
2020-07-21,10833.074
2020-07-22,10870.754
2020-07-23,10580.59
2020-07-24,10483.133
2020-07-27,10674.375
2020-07-28,10532.50
2020-07-29,10662.984
2020-07-30,10715.508
2020-07-31,10905.883
2020-08-03,11055.078
2020-08-04,11096.539
2020-08-05,11125.438
2020-08-06,11267.086
2020-08-07,11139.387
2020-08-10,11085.168
2020-08-11,10876.078
2020-08-12,11157.723
2020-08-13,11178.371
2020-08-14,11164.445
2020-08-17,11288.57
2020-08-18,11399.031
2020-08-19,11318.645
2020-08-20,11477.047
2020-08-21,11555.164
2020-08-24,11626.172
2020-08-25,11721.805
2020-08-26,11971.941
2020-08-27,11926.16
2020-08-28,11995.855
2020-08-31,12110.699
2020-09-01,12292.863
2020-09-02,12420.543
2020-09-03,11771.367
2020-09-04,11622.133
2020-09-07,.
2020-09-08,11068.258
2020-09-09,11395.848
2020-09-10,11154.125
2020-09-11,11087.402
2020-09-14,11277.762
2020-09-15,11438.875
2020-09-16,11247.598
2020-09-17,11080.949
2020-09-18,10936.98
2020-09-21,10980.219
2020-09-22,11186.371
2020-09-23,10833.332
2020-09-24,10896.469
2020-09-25,11151.133
2020-09-28,11364.449
2020-09-29,11322.953
2020-09-30,11418.063
2020-10-01,11583.203
2020-10-02,11255.695
2020-10-05,11509.063
2020-10-06,11291.273
2020-10-07,11503.195
2020-10-08,11550.941
2020-10-09,11725.852
2020-10-12,12088.105
2020-10-13,12083.172
2020-10-14,11985.359
2020-10-15,11898.574
2020-10-16,11852.168
2020-10-19,11634.348
2020-10-20,11677.836
2020-10-21,11665.367
2020-10-22,11662.914
2020-10-23,11692.57
2020-10-26,11504.52
2020-10-27,11598.945
2020-10-28,11142.754
2020-10-29,11350.742
2020-10-30,11052.945
2020-11-02,11084.758
2020-11-03,11279.91
2020-11-04,11777.016
2020-11-05,12078.066
2020-11-06,12091.344
2020-11-09,11830.387
2020-11-10,11624.285
2020-11-11,11892.93
2020-11-12,11827.141
2020-11-13,11937.84
2020-11-16,12013.38
2020-11-17,11977.49
2020-11-18,11894.71
2020-11-19,11985.43
2020-11-20,11906.44
2020-11-23,11905.94
2020-11-24,12079.81
2020-11-25,12152.22
2020-11-26,.
2020-11-27,12258.21
2020-11-30,12268.32
2020-12-01,12455.33
2020-12-02,12456.41
2020-12-03,12467.13
2020-12-04,12528.48
2020-12-07,12596.47
2020-12-08,12635.72
2020-12-09,12364.64
2020-12-10,12401.74
2020-12-11,12375.41
2020-12-14,12462.21
2020-12-15,12595.92
2020-12-16,12668.16
2020-12-17,12752.06
2020-12-18,12738.18
2020-12-21,12690.26
2020-12-22,12717.56
2020-12-23,12653.14
2020-12-24,12711.01
2020-12-25,.
2020-12-28,12838.86
2020-12-29,12843.49
2020-12-30,12845.36
2020-12-31,12888.28
2021-01-01,.
2021-01-04,12694.66
2021-01-05,12802.38
2021-01-06,12623.35
2021-01-07,12939.57
2021-01-08,13105.2
2021-01-11,12902.49
2021-01-12,12892.09
2021-01-13,12973.63
2021-01-14,12898.69
2021-01-15,12803.93
2021-01-18,.
2021-01-19,12996.54
2021-01-20,13296.45
2021-01-21,13404.99
2021-01-22,13366.4
2021-01-25,13483.29
2021-01-26,13490.19
2021-01-27,13112.65
2021-01-28,13201.53
2021-01-29,12925.38
2021-02-01,13248.9
2021-02-02,13456.12
2021-02-03,13402.37
2021-02-04,13560.89
2021-02-05,13603.96
2021-02-08,13695.02
2021-02-09,13687.08
2021-02-10,13655.27
2021-02-11,13734.35
2021-02-12,13807.7
2021-02-15,.
2021-02-16,13773.77
2021-02-17,13699.71
2021-02-18,13637.51
2021-02-19,13580.78
2021-02-22,13223.74
2021-02-23,13194.71
2021-02-24,13302.19
2021-02-25,12828.31
2021-02-26,12909.44
2021-03-01,13282.95
2021-03-02,13059.95
2021-03-03,12683.33
2021-03-04,12464.0
2021-03-05,12668.51
2021-03-08,12299.08
2021-03-09,12794.49
2021-03-10,12752.07
2021-03-11,13052.9
2021-03-12,12937.29
2021-03-15,13082.54
2021-03-16,13152.28
2021-03-17,13202.38
2021-03-18,12789.14
2021-03-19,12866.99
2021-03-22,13086.51
2021-03-23,13017.79
2021-03-24,12798.88
2021-03-25,12780.51
2021-03-26,12979.12
2021-03-29,12965.74
2021-03-30,12896.53
2021-03-31,13091.44
2021-04-01,13329.51
2021-04-02,.
2021-04-05,13598.16
2021-04-06,13578.46
2021-04-07,13616.7
2021-04-08,13758.5
2021-04-09,13845.05
2021-04-12,13819.35
2021-04-13,13986.49
2021-04-14,13803.91
2021-04-15,14026.19
2021-04-16,14041.91
2021-04-19,13907.67
2021-04-20,13809.3
2021-04-21,13935.15
2021-04-22,13762.36
2021-04-23,13941.44
2021-04-26,14026.16
2021-04-27,13960.28
2021-04-28,13901.62
2021-04-29,13970.2
2021-04-30,13860.76
2021-05-03,13799.72
2021-05-04,13544.67
2021-05-05,13503.37
2021-05-06,13613.73
2021-05-07,13719.63
2021-05-10,13359.08
2021-05-11,13351.27
2021-05-12,13001.63
2021-05-13,13109.15
2021-05-14,13312.91
2021-05-17,13312.91
2021-05-18,13217.68
2021-05-19,13237.91
2021-05-20,13494.09
2021-05-21,13411.74
2021-05-24,13641.75
2021-05-25,13657.73
2021-05-26,13702.74
2021-05-27,13657.85
2021-05-28,13686.51
2021-05-31,.
2021-06-01,13654.59
2021-06-02,13675.79
2021-06-03,13529.68
2021-06-04,13770.77
2021-06-07,13802.89
2021-06-08,13810.86
2021-06-09,13814.94
2021-06-10,13960.35
2021-06-11,13998.3
2021-06-14,14128.2
2021-06-15,14030.41
2021-06-16,13983.01
2021-06-17,14163.81
2021-06-18,14049.58
2021-06-21,14137.23
2021-06-22,14270.42
2021-06-23,14274.24
2021-06-24,14365.96
2021-06-25,14345.18
2021-06-28,14524.98
2021-06-29,14572.75
2021-06-30,14554.80
2021-07-01,14560.05
2021-07-02,14727.63
2021-07-05,.
2021-07-06,14786.36
2021-07-07,14810.54
2021-07-08,14722.14
2021-07-09,14826.09
2021-07-12,14877.89
2021-07-13,14874.54
2021-07-14,14900.44
2021-07-15,14794.69
2021-07-16,14681.38
2021-07-19,14549.09
2021-07-20,14728.21
2021-07-21,14842.63
2021-07-22,14940.17
2021-07-23,15111.79
2021-07-26,15125.95
2021-07-27,14956.97
2021-07-28,15018.1
2021-07-29,15048.36
2021-07-30,14959.9
2021-08-02,14963.62
2021-08-03,15061.42
2021-08-04,15083.39
2021-08-05,15181.64
2021-08-06,15109.36
2021-08-09,15133.11
2021-08-10,15053.58
2021-08-11,15027.76
2021-08-12,15088.98
2021-08-13,15136.68
2021-08-16,15140.77
2021-08-17,15002.83
2021-08-18,14857.92
2021-08-19,14933.94
2021-08-20,15092.57
2021-08-23,15312.82
2021-08-24,15357.68
2021-08-25,15368.92
2021-08-26,15278.52
2021-08-27,15432.95
2021-08-30,15605.09
2021-08-31,15582.51
2021-09-01,15611.57
2021-09-02,15604.25
2021-09-03,15652.86
2021-09-06,.
2021-09-07,15675.76
2021-09-08,15620.85
2021-09-09,15561.05
2021-09-10,15440.75
2021-09-13,15434.5
2021-09-14,15382.9
2021-09-15,15503.53
2021-09-16,15515.91
2021-09-17,15333.47
2021-09-20,15012.19
2021-09-21,15027.77
2021-09-22,15176.51
2021-09-23,15316.58
2021-09-24,15329.68
2021-09-27,15204.82
2021-09-28,14770.3
2021-09-29,14752.89
2021-09-30,14689.62
2021-10-01,14791.87
2021-10-04,14472.12
2021-10-05,14674.15
2021-10-06,14766.75
2021-10-07,14897.13
2021-10-08,14820.75
2021-10-11,14713.73
2021-10-12,14662.11
2021-10-13,14774.6
2021-10-14,15052.42
2021-10-15,15146.92
2021-10-18,15300.89
2021-10-19,15410.72
2021-10-20,15388.71
2021-10-21,15489.59
2021-10-22,15355.07
2021-10-25,15514.19
2021-10-26,15559.49
2021-10-27,15598.39
2021-10-28,15778.16
2021-10-29,15850.47
2021-11-01,15905.28
2021-11-02,15972.49
2021-11-03,16144.5
2021-11-04,16346.24
2021-11-05,16359.38
2021-11-08,16336.03
2021-11-09,16219.94
2021-11-10,15985.57
2021-11-11,16032.47
2021-11-12,16199.89
2021-11-15,16189.12
2021-11-16,16309.77
2021-11-17,16308.07
2021-11-18,16482.97
2021-11-19,16573.34
2021-11-22,16380.98
2021-11-23,16306.72
2021-11-24,16367.81
2021-11-25,.
2021-11-26,16025.58
2021-11-29,16399.24
2021-11-30,16135.92
2021-12-01,15877.72
2021-12-02,15990.76
2021-12-03,15712.04
2021-12-06,15846.16
2021-12-07,16325.66
2021-12-08,16394.34
2021-12-09,16149.57
2021-12-10,16331.98
2021-12-13,16082.55
2021-12-14,15914.9
2021-12-15,16289.59
2021-12-16,15863.94
2021-12-17,15801.46
2021-12-20,15627.64
2021-12-21,15986.28
2021-12-22,16180.14
2021-12-23,16308.21
2021-12-24,.
2021-12-27,16567.5
2021-12-28,16488.66
2021-12-29,16491.01
2021-12-30,16429.1
2021-12-31,16320.08
2022-01-03,16501.77
2022-01-04,16279.73
2022-01-05,15771.78
2022-01-06,15765.36
2022-01-07,15592.19
2022-01-10,15614.43
2022-01-11,15844.12
2022-01-12,15905.1
2022-01-13,15495.62
2022-01-14,15611.59
2022-01-17,.
2022-01-18,15210.76
2022-01-19,15047.84
2022-01-20,14846.46
2022-01-21,14438.4
2022-01-24,14509.58
2022-01-25,14149.12
2022-01-26,14172.76
2022-01-27,14003.11
2022-01-28,14454.61
2022-01-31,14930.05
2022-02-01,15019.68
2022-02-02,15139.74
2022-02-03,14501.11
2022-02-04,14694.35
2022-02-07,14571.25
2022-02-08,14747.03
2022-02-09,15056.96
2022-02-10,14705.64
2022-02-11,14253.84
2022-02-14,14268.59
2022-02-15,14620.82
2022-02-16,14603.64
2022-02-17,14171.74
2022-02-18,14009.54
2022-02-21,.
2022-02-22,13870.53
2022-02-23,13509.43
2022-02-24,13974.67
2022-02-25,14189.16
2022-02-28,14237.81
2022-03-01,14005.99
2022-03-02,14243.69
2022-03-03,14035.21
2022-03-04,13837.83
2022-03-07,13319.38
2022-03-08,13267.6
2022-03-09,13742.2
2022-03-10,13591.0
2022-03-11,13301.83
2022-03-14,13046.64
2022-03-15,13458.56
2022-03-16,13956.78
2022-03-17,14118.6
2022-03-18,14420.08
2022-03-21,14376.09
2022-03-22,14654.33
2022-03-23,14447.55
2022-03-24,14765.69
2022-03-25,14754.31
2022-03-28,14987.4
2022-03-29,15239.32
2022-03-30,15071.55
2022-03-31,14838.49
2022-04-01,14861.21
2022-04-04,15159.58
2022-04-05,14820.64
2022-04-06,14498.88
2022-04-07,14531.81
2022-04-08,14327.26
2022-04-11,13990.21
2022-04-12,13940.24
2022-04-13,14217.29
2022-04-14,13893.21
2022-04-15,.
2022-04-18,13910.76
2022-04-19,14210.26
2022-04-20,13998.53
2022-04-21,13720.45
2022-04-22,13356.87
2022-04-25,13533.22
2022-04-26,13009.71
2022-04-27,13003.36
2022-04-28,13456.06
2022-04-29,12854.8
2022-05-02,13075.85
2022-05-03,13089.9
2022-05-04,13535.71
2022-05-05,12850.55
2022-05-06,12693.53
2022-05-09,12187.72
2022-05-10,12345.86
2022-05-11,11967.56
2022-05-12,11945.5
2022-05-13,12387.4
2022-05-16,12243.58
2022-05-17,12564.1
2022-05-18,11928.31
2022-05-19,11875.63
2022-05-20,11835.62
2022-05-23,12034.28
2022-05-24,11769.84
2022-05-25,11943.93
2022-05-26,12276.79
2022-05-27,12681.42
2022-05-30,.
2022-05-31,12642.1
2022-06-01,12548.36
2022-06-02,12892.89
2022-06-03,12548.03
2022-06-06,12599.63
2022-06-07,12711.68
2022-06-08,12615.13
2022-06-09,12269.78
2022-06-10,11832.82
2022-06-13,11288.32
2022-06-14,11311.69
2022-06-15,11593.77
2022-06-16,11127.57
2022-06-17,11265.99
2022-06-20,.
2022-06-21,11546.76
2022-06-22,11527.71
2022-06-23,11697.68
2022-06-24,12105.85
2022-06-27,12008.24
2022-06-28,11637.77
2022-06-29,11658.26
2022-06-30,11503.72
2022-07-01,11585.68
2022-07-04,.
2022-07-05,11779.9
2022-07-06,11852.59
2022-07-07,12109.05
2022-07-08,12125.69
2022-07-11,11860.28
2022-07-12,11744.99
2022-07-13,11728.53
2022-07-14,11768.4
2022-07-15,11983.62
2022-07-18,11877.5
2022-07-19,12249.42
2022-07-20,12439.68
2022-07-21,12619.41
